source_id,source_name,iso3_country,original_inventory_sector,start_time,end_time,source_type,capacity,capacity_factor,activity,co2_emissions_factor,ch4_emissions_factor,n2o_emissions_factor,co2_emissions,ch4_emissions,n2o_emissions,total_co2e_20yrgwp,created_date,modified_date,total_co2e_100yrgwp
25486984,Cassinga Mine,AGO,iron-mining,2022-01-01 00:00:00,2022-12-31 00:00:00,high,,,high,high,,,high,,,high,2023-10-10 00:00:00,2023-11-06 11:20:00,high
25486985,Abydos Mine,AUS,iron-mining,2022-01-01 00:00:00,2022-12-31 00:00:00,high,,,high,high,,,high,,,high,2023-10-10 00:00:00,2023-11-06 11:20:00,high
25486986,Area C Mine,AUS,iron-mining,2022-01-01 00:00:00,2022-12-31 00:00:00,high,,,medium,medium,,,medium,,,medium,2023-10-10 00:00:00,2023-11-06 11:20:00,medium
25486987,B1 Mine,AUS,iron-mining,2022-01-01 00:00:00,2022-12-31 00:00:00,high,,,,,,,,,,,2023-10-10 00:00:00,2023-11-06 11:20:00,
25486988,Blue Hills Mine,AUS,iron-mining,2022-01-01 00:00:00,2022-12-31 00:00:00,high,,,medium,low,,,low,,,low,2023-10-10 00:00:00,2023-11-06 11:20:00,low
25486989,Brockman 2 Mine,AUS,iron-mining,2022-01-01 00:00:00,2022-12-31 00:00:00,high,,,,,,,,,,,2023-10-10 00:00:00,2023-11-06 11:20:00,
25486990,Brockman 4 Mine,AUS,iron-mining,2022-01-01 00:00:00,2022-12-31 00:00:00,high,,,medium,medium,,,medium,,,medium,2023-10-10 00:00:00,2023-11-06 11:20:00,medium
25486991,Cairn Hill Mine,AUS,iron-mining,2022-01-01 00:00:00,2022-12-31 00:00:00,high,,,high,high,,,high,,,high,2023-10-10 00:00:00,2023-11-06 11:20:00,high
25486992,Carina Mine,AUS,iron-mining,2022-01-01 00:00:00,2022-12-31 00:00:00,high,,,high,high,,,high,,,high,2023-10-10 00:00:00,2023-11-06 11:20:00,high
25486993,Channar Mine,AUS,iron-mining,2022-01-01 00:00:00,2022-12-31 00:00:00,high,,,medium,medium,,,medium,,,medium,2023-10-10 00:00:00,2023-11-06 11:20:00,medium
25486994,Christmas Creek Mine,AUS,iron-mining,2022-01-01 00:00:00,2022-12-31 00:00:00,high,,,,,,,,,,,2023-10-10 00:00:00,2023-11-06 11:20:00,
25486995,Cloudbreak Mine,AUS,iron-mining,2022-01-01 00:00:00,2022-12-31 00:00:00,high,,,,,,,,,,,2023-10-10 00:00:00,2023-11-06 11:20:00,
25486996,Cockatoo Island Mine,AUS,iron-mining,2022-01-01 00:00:00,2022-12-31 00:00:00,high,,,high,high,,,high,,,high,2023-10-10 00:00:00,2023-11-06 11:20:00,high
25486997,Deception Mine,AUS,iron-mining,2022-01-01 00:00:00,2022-12-31 00:00:00,high,,,,,,,,,,,2023-10-10 00:00:00,2023-11-06 11:20:00,
25486998,Eastern Range Mine,AUS,iron-mining,2022-01-01 00:00:00,2022-12-31 00:00:00,high,,,medium,medium,,,medium,,,medium,2023-10-10 00:00:00,2023-11-06 11:20:00,medium
25486999,Eastern Ridge Mine,AUS,iron-mining,2022-01-01 00:00:00,2022-12-31 00:00:00,high,,,medium,medium,,,medium,,,medium,2023-10-10 00:00:00,2023-11-06 11:20:00,medium
25487000,Eliwana Mine,AUS,iron-mining,2022-01-01 00:00:00,2022-12-31 00:00:00,high,,,,,,,,,,,2023-10-10 00:00:00,2023-11-06 11:20:00,
25487001,Extension Hill Mine,AUS,iron-mining,2022-01-01 00:00:00,2022-12-31 00:00:00,high,,,high,high,,,high,,,high,2023-10-10 00:00:00,2023-11-06 11:20:00,high
25487002,Firetail Mine,AUS,iron-mining,2022-01-01 00:00:00,2022-12-31 00:00:00,high,,,,,,,,,,,2023-10-10 00:00:00,2023-11-06 11:20:00,
25487003,Frances Creek Mine,AUS,iron-mining,2022-01-01 00:00:00,2022-12-31 00:00:00,high,,,medium,low,,,low,,,low,2023-10-10 00:00:00,2023-11-06 11:20:00,low
25487004,Gudai-Darri Mine,AUS,iron-mining,2022-01-01 00:00:00,2022-12-31 00:00:00,high,,,,,,,,,,,2023-10-10 00:00:00,2023-11-06 11:20:00,
25487005,Hope Downs 1 Mine,AUS,iron-mining,2022-01-01 00:00:00,2022-12-31 00:00:00,high,,,medium,medium,,,medium,,,medium,2023-10-10 00:00:00,2023-11-06 11:20:00,medium
25487006,Hope Downs 4 Mine,AUS,iron-mining,2022-01-01 00:00:00,2022-12-31 00:00:00,high,,,medium,medium,,,medium,,,medium,2023-10-10 00:00:00,2023-11-06 11:20:00,medium
25487007,Iron Baron Mine,AUS,iron-mining,2022-01-01 00:00:00,2022-12-31 00:00:00,high,,,high,low,,,low,,,low,2023-10-10 00:00:00,2023-11-06 11:20:00,low
25487008,Iron Knob Mine,AUS,iron-mining,2022-01-01 00:00:00,2022-12-31 00:00:00,high,,,high,low,,,low,,,low,2023-10-10 00:00:00,2023-11-06 11:20:00,low
25487009,Iron Ridge Mine,AUS,iron-mining,2022-01-01 00:00:00,2022-12-31 00:00:00,high,,,high,low,,,low,,,low,2023-10-10 00:00:00,2023-11-06 11:20:00,low
25487010,Iron Valley Mine,AUS,iron-mining,2022-01-01 00:00:00,2022-12-31 00:00:00,high,,,medium,low,,,low,,,low,2023-10-10 00:00:00,2023-11-06 11:20:00,low
25487011,J1 Mine,AUS,iron-mining,2022-01-01 00:00:00,2022-12-31 00:00:00,high,,,,,,,,,,,2023-10-10 00:00:00,2023-11-06 11:20:00,
25487012,J2 Mine,AUS,iron-mining,2022-01-01 00:00:00,2022-12-31 00:00:00,high,,,,,,,,,,,2023-10-10 00:00:00,2023-11-06 11:20:00,
25487013,J3 Mine,AUS,iron-mining,2022-01-01 00:00:00,2022-12-31 00:00:00,high,,,high,high,,,high,,,high,2023-10-10 00:00:00,2023-11-06 11:20:00,high
25487014,J4 Mine,AUS,iron-mining,2022-01-01 00:00:00,2022-12-31 00:00:00,high,,,,,,,,,,,2023-10-10 00:00:00,2023-11-06 11:20:00,
25487015,Jack Hills Mine,AUS,iron-mining,2022-01-01 00:00:00,2022-12-31 00:00:00,high,,,high,high,,,high,,,high,2023-10-10 00:00:00,2023-11-06 11:20:00,high
25487016,Jimblebar Mine,AUS,iron-mining,2022-01-01 00:00:00,2022-12-31 00:00:00,high,,,medium,medium,,,medium,,,medium,2023-10-10 00:00:00,2023-11-06 11:20:00,medium
25487017,Kara Mine,AUS,iron-mining,2022-01-01 00:00:00,2022-12-31 00:00:00,high,,,medium,low,,,low,,,low,2023-10-10 00:00:00,2023-11-06 11:20:00,low
25487018,Karara Mine,AUS,iron-mining,2022-01-01 00:00:00,2022-12-31 00:00:00,high,,,medium,medium,,,medium,,,medium,2023-10-10 00:00:00,2023-11-06 11:20:00,medium
25487019,King's Valley Mine,AUS,iron-mining,2022-01-01 00:00:00,2022-12-31 00:00:00,high,,,,,,,,,,,2023-10-10 00:00:00,2023-11-06 11:20:00,
25487020,Koolan Island Mine,AUS,iron-mining,2022-01-01 00:00:00,2022-12-31 00:00:00,high,,,high,high,,,high,,,high,2023-10-10 00:00:00,2023-11-06 11:20:00,high
25487021,Koolanooka Mine,AUS,iron-mining,2022-01-01 00:00:00,2022-12-31 00:00:00,high,,,high,high,,,high,,,high,2023-10-10 00:00:00,2023-11-06 11:20:00,high
25487022,Koolyanobbing Mine,AUS,iron-mining,2022-01-01 00:00:00,2022-12-31 00:00:00,high,,,medium,low,,,low,,,low,2023-10-10 00:00:00,2023-11-06 11:20:00,low
25487023,Marandoo Mine,AUS,iron-mining,2022-01-01 00:00:00,2022-12-31 00:00:00,high,,,medium,medium,,,medium,,,medium,2023-10-10 00:00:00,2023-11-06 11:20:00,medium
25487024,Mesa A/Warramboo Mine,AUS,iron-mining,2022-01-01 00:00:00,2022-12-31 00:00:00,high,,,,,,,,,,,2023-10-10 00:00:00,2023-11-06 11:20:00,
25487025,Mesa B Mine,AUS,iron-mining,2022-01-01 00:00:00,2022-12-31 00:00:00,high,,,,,,,,,,,2023-10-10 00:00:00,2023-11-06 11:20:00,
25487026,Mesa C Mine,AUS,iron-mining,2022-01-01 00:00:00,2022-12-31 00:00:00,high,,,,,,,,,,,2023-10-10 00:00:00,2023-11-06 11:20:00,
25487027,Mesa H Mine,AUS,iron-mining,2022-01-01 00:00:00,2022-12-31 00:00:00,high,,,,,,,,,,,2023-10-10 00:00:00,2023-11-06 11:20:00,
25487028,Mesa J Mine,AUS,iron-mining,2022-01-01 00:00:00,2022-12-31 00:00:00,high,,,,,,,,,,,2023-10-10 00:00:00,2023-11-06 11:20:00,
25487029,Miralga Creek Mine,AUS,iron-mining,2022-01-01 00:00:00,2022-12-31 00:00:00,high,,,,,,,,,,,2023-10-10 00:00:00,2023-11-06 11:20:00,
25487030,Mount Dove Mine,AUS,iron-mining,2022-01-01 00:00:00,2022-12-31 00:00:00,high,,,high,high,,,high,,,high,2023-10-10 00:00:00,2023-11-06 11:20:00,high
25487031,Mount Goldsworthy Mine,AUS,iron-mining,2022-01-01 00:00:00,2022-12-31 00:00:00,high,,,high,high,,,high,,,high,2023-10-10 00:00:00,2023-11-06 11:20:00,high
25487032,Mount Marion Mine,AUS,iron-mining,2022-01-01 00:00:00,2022-12-31 00:00:00,high,,,high,high,,,high,,,high,2023-10-10 00:00:00,2023-11-06 11:20:00,high
25487033,Mount Tom Price Mine,AUS,iron-mining,2022-01-01 00:00:00,2022-12-31 00:00:00,high,,,medium,medium,,,medium,,,medium,2023-10-10 00:00:00,2023-11-06 11:20:00,medium
25487034,Mount Webber Mine,AUS,iron-mining,2022-01-01 00:00:00,2022-12-31 00:00:00,high,,,low,low,,,low,,,low,2023-10-10 00:00:00,2023-11-06 11:20:00,low
25487035,Mount Whaleback Mine,AUS,iron-mining,2022-01-01 00:00:00,2022-12-31 00:00:00,high,,,medium,low,,,low,,,low,2023-10-10 00:00:00,2023-11-06 11:20:00,low
25487036,Mungada Mine,AUS,iron-mining,2022-01-01 00:00:00,2022-12-31 00:00:00,high,,,,,,,,,,,2023-10-10 00:00:00,2023-11-06 11:20:00,
25487037,Nammuldi Mine,AUS,iron-mining,2022-01-01 00:00:00,2022-12-31 00:00:00,high,,,,,,,,,,,2023-10-10 00:00:00,2023-11-06 11:20:00,
25487038,Nimingarra Mine,AUS,iron-mining,2022-01-01 00:00:00,2022-12-31 00:00:00,high,,,high,high,,,high,,,high,2023-10-10 00:00:00,2023-11-06 11:20:00,high
25487039,Nyidinghu Mine,AUS,iron-mining,2022-01-01 00:00:00,2022-12-31 00:00:00,high,,,,,,,,,,,2023-10-10 00:00:00,2023-11-06 11:20:00,
25487040,Paraburdoo Mine,AUS,iron-mining,2022-01-01 00:00:00,2022-12-31 00:00:00,high,,,medium,medium,,,medium,,,medium,2023-10-10 00:00:00,2023-11-06 11:20:00,medium
25487041,Pardoo Mine,AUS,iron-mining,2022-01-01 00:00:00,2022-12-31 00:00:00,high,,,high,high,,,high,,,high,2023-10-10 00:00:00,2023-11-06 11:20:00,high
25487042,Parker Range Mine,AUS,iron-mining,2022-01-01 00:00:00,2022-12-31 00:00:00,high,,,,,,,,,,,2023-10-10 00:00:00,2023-11-06 11:20:00,
25487043,Paulsens East Mine,AUS,iron-mining,2022-01-01 00:00:00,2022-12-31 00:00:00,high,,,medium,medium,,,medium,,,medium,2023-10-10 00:00:00,2023-11-06 11:20:00,medium
25487044,Queen's Valley Mine,AUS,iron-mining,2022-01-01 00:00:00,2022-12-31 00:00:00,high,,,,,,,,,,,2023-10-10 00:00:00,2023-11-06 11:20:00,
25487045,Riley Mine,AUS,iron-mining,2022-01-01 00:00:00,2022-12-31 00:00:00,high,,,high,high,,,high,,,high,2023-10-10 00:00:00,2023-11-06 11:20:00,high
25487046,Roy Hill Mine,AUS,iron-mining,2022-01-01 00:00:00,2022-12-31 00:00:00,high,,,low,low,,,low,,,low,2023-10-10 00:00:00,2023-11-06 11:20:00,low
25487047,Sanjiv Ridge Mine,AUS,iron-mining,2022-01-01 00:00:00,2022-12-31 00:00:00,high,,,,,,,,,,,2023-10-10 00:00:00,2023-11-06 11:20:00,
25487048,Savage River Mine,AUS,iron-mining,2022-01-01 00:00:00,2022-12-31 00:00:00,high,,,low,low,,,low,,,low,2023-10-10 00:00:00,2023-11-06 11:20:00,low
25487049,Shay Gap Mine,AUS,iron-mining,2022-01-01 00:00:00,2022-12-31 00:00:00,high,,,high,high,,,high,,,high,2023-10-10 00:00:00,2023-11-06 11:20:00,high
25487050,Shine Mine,AUS,iron-mining,2022-01-01 00:00:00,2022-12-31 00:00:00,high,,,high,high,,,high,,,high,2023-10-10 00:00:00,2023-11-06 11:20:00,high
25487051,Silvergrass Mine,AUS,iron-mining,2022-01-01 00:00:00,2022-12-31 00:00:00,high,,,,,,,,,,,2023-10-10 00:00:00,2023-11-06 11:20:00,
25487052,Sino Mine,AUS,iron-mining,2022-01-01 00:00:00,2022-12-31 00:00:00,high,,,medium,low,,,low,,,low,2023-10-10 00:00:00,2023-11-06 11:20:00,low
25487053,South Flank Mine,AUS,iron-mining,2022-01-01 00:00:00,2022-12-31 00:00:00,high,,,low,medium,,,medium,,,medium,2023-10-10 00:00:00,2023-11-06 11:20:00,medium
25487054,South Middleback Ranges Complex,AUS,iron-mining,2022-01-01 00:00:00,2022-12-31 00:00:00,high,,,high,low,,,low,,,low,2023-10-10 00:00:00,2023-11-06 11:20:00,low
25487055,Spinifex Ridge,AUS,iron-mining,2022-01-01 00:00:00,2022-12-31 00:00:00,high,,,high,high,,,high,,,high,2023-10-10 00:00:00,2023-11-06 11:20:00,high
25487056,Tallering Peak Mine,AUS,iron-mining,2022-01-01 00:00:00,2022-12-31 00:00:00,high,,,high,high,,,high,,,high,2023-10-10 00:00:00,2023-11-06 11:20:00,high
25487057,West Angelas Mine,AUS,iron-mining,2022-01-01 00:00:00,2022-12-31 00:00:00,high,,,medium,medium,,,medium,,,medium,2023-10-10 00:00:00,2023-11-06 11:20:00,medium
25487058,Western Turner Syncline Mine,AUS,iron-mining,2022-01-01 00:00:00,2022-12-31 00:00:00,high,,,,,,,,,,,2023-10-10 00:00:00,2023-11-06 11:20:00,
25487059,Wiluna West C4 Mine,AUS,iron-mining,2022-01-01 00:00:00,2022-12-31 00:00:00,high,,,high,low,,,low,,,low,2023-10-10 00:00:00,2023-11-06 11:20:00,low
25487060,Wiluna West JWD Mine,AUS,iron-mining,2022-01-01 00:00:00,2022-12-31 00:00:00,high,,,high,low,,,low,,,low,2023-10-10 00:00:00,2023-11-06 11:20:00,low
25487061,Windarling Mine,AUS,iron-mining,2022-01-01 00:00:00,2022-12-31 00:00:00,high,,,,,,,,,,,2023-10-10 00:00:00,2023-11-06 11:20:00,
25487062,Wodgina Mine,AUS,iron-mining,2022-01-01 00:00:00,2022-12-31 00:00:00,high,,,high,high,,,high,,,high,2023-10-10 00:00:00,2023-11-06 11:20:00,high
25487063,Wonmunna Mine,AUS,iron-mining,2022-01-01 00:00:00,2022-12-31 00:00:00,high,,,medium,low,,,low,,,low,2023-10-10 00:00:00,2023-11-06 11:20:00,low
25487064,Yandi Mine,AUS,iron-mining,2022-01-01 00:00:00,2022-12-31 00:00:00,high,,,medium,medium,,,medium,,,medium,2023-10-10 00:00:00,2023-11-06 11:20:00,medium
25487065,Yandicoogina Mine,AUS,iron-mining,2022-01-01 00:00:00,2022-12-31 00:00:00,high,,,medium,medium,,,medium,,,medium,2023-10-10 00:00:00,2023-11-06 11:20:00,medium
25487066,Yarrie Mine,AUS,iron-mining,2022-01-01 00:00:00,2022-12-31 00:00:00,high,,,high,high,,,high,,,high,2023-10-10 00:00:00,2023-11-06 11:20:00,high
25487067,Erzberg Mine,AUT,iron-mining,2022-01-01 00:00:00,2022-12-31 00:00:00,high,,,,,,,,,,,2023-10-10 00:00:00,2023-11-06 11:20:00,
25487068,Ljubija Mine,BIH,iron-mining,2022-01-01 00:00:00,2022-12-31 00:00:00,high,,,high,high,,,high,,,high,2023-10-10 00:00:00,2023-11-06 11:20:00,high
25487069,Omarska Mine,BIH,iron-mining,2022-01-01 00:00:00,2022-12-31 00:00:00,high,,,high,medium,,,medium,,,medium,2023-10-10 00:00:00,2023-11-06 11:20:00,medium
25487070,Prijedor Mine,BIH,iron-mining,2022-01-01 00:00:00,2022-12-31 00:00:00,high,,,,,,,,,,,2023-10-10 00:00:00,2023-11-06 11:20:00,
25487071,El Mutun Mine,BOL,iron-mining,2022-01-01 00:00:00,2022-12-31 00:00:00,high,,,,,,,,,,,2023-10-10 00:00:00,2023-11-06 11:20:00,
25487072,Aboboras Mine,BRA,iron-mining,2022-01-01 00:00:00,2022-12-31 00:00:00,high,,,,,,,,,,,2023-10-10 00:00:00,2023-11-06 11:20:00,
25487073,Aguas Claras Mine,BRA,iron-mining,2022-01-01 00:00:00,2022-12-31 00:00:00,high,,,high,high,,,high,,,high,2023-10-10 00:00:00,2023-11-06 11:20:00,high
25487074,Alegria Mine,BRA,iron-mining,2022-01-01 00:00:00,2022-12-31 00:00:00,high,,,,,,,,,,,2023-10-10 00:00:00,2023-11-06 11:20:00,
25487075,Andrade Mine,BRA,iron-mining,2022-01-01 00:00:00,2022-12-31 00:00:00,high,,,high,medium,,,medium,,,medium,2023-10-10 00:00:00,2023-11-06 11:20:00,medium
25487076,Antonio Dias Mine,BRA,iron-mining,2022-01-01 00:00:00,2022-12-31 00:00:00,high,,,,,,,,,,,2023-10-10 00:00:00,2023-11-06 11:20:00,
25487077,Baratinha Mine,BRA,iron-mining,2022-01-01 00:00:00,2022-12-31 00:00:00,high,,,,,,,,,,,2023-10-10 00:00:00,2023-11-06 11:20:00,
25487078,Barra Mine,BRA,iron-mining,2022-01-01 00:00:00,2022-12-31 00:00:00,high,,,,,,,,,,,2023-10-10 00:00:00,2023-11-06 11:20:00,
25487079,Bau Mine,BRA,iron-mining,2022-01-01 00:00:00,2022-12-31 00:00:00,high,,,,,,,,,,,2023-10-10 00:00:00,2023-11-06 11:20:00,
25487080,Brucutu Mine,BRA,iron-mining,2022-01-01 00:00:00,2022-12-31 00:00:00,high,,,,,,,,,,,2023-10-10 00:00:00,2023-11-06 11:20:00,
25487081,Brumado Mine,BRA,iron-mining,2022-01-01 00:00:00,2022-12-31 00:00:00,high,,,,,,,,,,,2023-10-10 00:00:00,2023-11-06 11:20:00,
25487082,Campina Mine,BRA,iron-mining,2022-01-01 00:00:00,2022-12-31 00:00:00,high,,,,,,,,,,,2023-10-10 00:00:00,2023-11-06 11:20:00,
25487083,Capanema Mine,BRA,iron-mining,2022-01-01 00:00:00,2022-12-31 00:00:00,high,,,,,,,,,,,2023-10-10 00:00:00,2023-11-06 11:20:00,
25487084,Capao Xavier Mine,BRA,iron-mining,2022-01-01 00:00:00,2022-12-31 00:00:00,high,,,,,,,,,,,2023-10-10 00:00:00,2023-11-06 11:20:00,
25487085,Capitao do Mato Mine,BRA,iron-mining,2022-01-01 00:00:00,2022-12-31 00:00:00,high,,,,,,,,,,,2023-10-10 00:00:00,2023-11-06 11:20:00,
25487086,Casa de Pedra Mine,BRA,iron-mining,2022-01-01 00:00:00,2022-12-31 00:00:00,high,,,low,low,,,low,,,low,2023-10-10 00:00:00,2023-11-06 11:20:00,low
25487087,Caue Mine,BRA,iron-mining,2022-01-01 00:00:00,2022-12-31 00:00:00,high,,,high,high,,,high,,,high,2023-10-10 00:00:00,2023-11-06 11:20:00,high
25487088,Cedro Mine,BRA,iron-mining,2022-01-01 00:00:00,2022-12-31 00:00:00,high,,,,,,,,,,,2023-10-10 00:00:00,2023-11-06 11:20:00,
25487089,Conceicao Mine,BRA,iron-mining,2022-01-01 00:00:00,2022-12-31 00:00:00,high,,,,,,,,,,,2023-10-10 00:00:00,2023-11-06 11:20:00,
25487090,Corrego do Feijao Mine,BRA,iron-mining,2022-01-01 00:00:00,2022-12-31 00:00:00,high,,,high,high,,,high,,,high,2023-10-10 00:00:00,2023-11-06 11:20:00,high
25487091,Corrego do Meio Mine,BRA,iron-mining,2022-01-01 00:00:00,2022-12-31 00:00:00,high,,,high,high,,,high,,,high,2023-10-10 00:00:00,2023-11-06 11:20:00,high
25487092,Corumba Mine,BRA,iron-mining,2022-01-01 00:00:00,2022-12-31 00:00:00,high,,,low,low,,,low,,,low,2023-10-10 00:00:00,2023-11-06 11:20:00,low
25487093,Corumi Mine,BRA,iron-mining,2022-01-01 00:00:00,2022-12-31 00:00:00,high,,,high,high,,,high,,,high,2023-10-10 00:00:00,2023-11-06 11:20:00,high
25487094,Engenho Mine,BRA,iron-mining,2022-01-01 00:00:00,2022-12-31 00:00:00,high,,,high,high,,,high,,,high,2023-10-10 00:00:00,2023-11-06 11:20:00,high
25487095,Esperanca Mine,BRA,iron-mining,2022-01-01 00:00:00,2022-12-31 00:00:00,high,,,,,,,,,,,2023-10-10 00:00:00,2023-11-06 11:20:00,
25487096,Fabrica Mine,BRA,iron-mining,2022-01-01 00:00:00,2022-12-31 00:00:00,high,,,,,,,,,,,2023-10-10 00:00:00,2023-11-06 11:20:00,
25487097,Fabrica Nova Mine,BRA,iron-mining,2022-01-01 00:00:00,2022-12-31 00:00:00,high,,,,,,,,,,,2023-10-10 00:00:00,2023-11-06 11:20:00,
25487098,Fazendao Mine,BRA,iron-mining,2022-01-01 00:00:00,2022-12-31 00:00:00,high,,,,,,,,,,,2023-10-10 00:00:00,2023-11-06 11:20:00,
25487099,Galinheiro Mine,BRA,iron-mining,2022-01-01 00:00:00,2022-12-31 00:00:00,high,,,,,,,,,,,2023-10-10 00:00:00,2023-11-06 11:20:00,
25487100,Germano Mine,BRA,iron-mining,2022-01-01 00:00:00,2022-12-31 00:00:00,high,,,medium,medium,,,medium,,,medium,2023-10-10 00:00:00,2023-11-06 11:20:00,medium
25487101,Gongo Soco Mine,BRA,iron-mining,2022-01-01 00:00:00,2022-12-31 00:00:00,high,,,,,,,,,,,2023-10-10 00:00:00,2023-11-06 11:20:00,
25487102,Ibirite Mine,BRA,iron-mining,2022-01-01 00:00:00,2022-12-31 00:00:00,high,,,,,,,,,,,2023-10-10 00:00:00,2023-11-06 11:20:00,
25487103,Ipe Mine,BRA,iron-mining,2022-01-01 00:00:00,2022-12-31 00:00:00,high,,,,,,,,,,,2023-10-10 00:00:00,2023-11-06 11:20:00,
25487104,Itabira Complex,BRA,iron-mining,2022-01-01 00:00:00,2022-12-31 00:00:00,high,,,medium,medium,,,medium,,,medium,2023-10-10 00:00:00,2023-11-06 11:20:00,medium
25487105,Itabirito Mine,BRA,iron-mining,2022-01-01 00:00:00,2022-12-31 00:00:00,high,,,,,,,,,,,2023-10-10 00:00:00,2023-11-06 11:20:00,
25487106,Itatiaiucu Central Mine,BRA,iron-mining,2022-01-01 00:00:00,2022-12-31 00:00:00,high,,,,,,,,,,,2023-10-10 00:00:00,2023-11-06 11:20:00,
25487107,Itatiaiucu East Mine,BRA,iron-mining,2022-01-01 00:00:00,2022-12-31 00:00:00,high,,,,,,,,,,,2023-10-10 00:00:00,2023-11-06 11:20:00,
25487108,Itatiaiucu West Mine,BRA,iron-mining,2022-01-01 00:00:00,2022-12-31 00:00:00,high,,,,,,,,,,,2023-10-10 00:00:00,2023-11-06 11:20:00,
25487109,Jangada Mine,BRA,iron-mining,2022-01-01 00:00:00,2022-12-31 00:00:00,high,,,,,,,,,,,2023-10-10 00:00:00,2023-11-06 11:20:00,
25487110,Joao Pereira Mine,BRA,iron-mining,2022-01-01 00:00:00,2022-12-31 00:00:00,high,,,,,,,,,,,2023-10-10 00:00:00,2023-11-06 11:20:00,
25487111,Lais Mine,BRA,iron-mining,2022-01-01 00:00:00,2022-12-31 00:00:00,high,,,,,,,,,,,2023-10-10 00:00:00,2023-11-06 11:20:00,
25487112,Mar Azul Mine,BRA,iron-mining,2022-01-01 00:00:00,2022-12-31 00:00:00,high,,,,,,,,,,,2023-10-10 00:00:00,2023-11-06 11:20:00,
25487113,Mariana Complex,BRA,iron-mining,2022-01-01 00:00:00,2022-12-31 00:00:00,high,,,medium,low,,,low,,,low,2023-10-10 00:00:00,2023-11-06 11:20:00,low
25487114,Minas-Rio Mine,BRA,iron-mining,2022-01-01 00:00:00,2022-12-31 00:00:00,high,,,medium,medium,,,medium,,,medium,2023-10-10 00:00:00,2023-11-06 11:20:00,medium
25487115,Monjolinho Mine,BRA,iron-mining,2022-01-01 00:00:00,2022-12-31 00:00:00,high,,,,,,,,,,,2023-10-10 00:00:00,2023-11-06 11:20:00,
25487116,Morro Agudo/Agua Limpa Mine,BRA,iron-mining,2022-01-01 00:00:00,2022-12-31 00:00:00,high,,,,,,,,,,,2023-10-10 00:00:00,2023-11-06 11:20:00,
25487117,Mutuca Mine,BRA,iron-mining,2022-01-01 00:00:00,2022-12-31 00:00:00,high,,,,,,,,,,,2023-10-10 00:00:00,2023-11-06 11:20:00,
25487118,Paraopeba Complex,BRA,iron-mining,2022-01-01 00:00:00,2022-12-31 00:00:00,high,,,high,medium,,,medium,,,medium,2023-10-10 00:00:00,2023-11-06 11:20:00,medium
25487119,Pau Branco Mine,BRA,iron-mining,2022-01-01 00:00:00,2022-12-31 00:00:00,high,,,,,,,,,,,2023-10-10 00:00:00,2023-11-06 11:20:00,
25487120,Pedra de Ferro Mine,BRA,iron-mining,2022-01-01 00:00:00,2022-12-31 00:00:00,high,,,,,,,,,,,2023-10-10 00:00:00,2023-11-06 11:20:00,
25487121,Pico Mine,BRA,iron-mining,2022-01-01 00:00:00,2022-12-31 00:00:00,high,,,,,,,,,,,2023-10-10 00:00:00,2023-11-06 11:20:00,
25487122,Pires Mine,BRA,iron-mining,2022-01-01 00:00:00,2022-12-31 00:00:00,high,,,,,,,,,,,2023-10-10 00:00:00,2023-11-06 11:20:00,
25487123,Ponto Verde Mine,BRA,iron-mining,2022-01-01 00:00:00,2022-12-31 00:00:00,high,,,,,,,,,,,2023-10-10 00:00:00,2023-11-06 11:20:00,
25487124,Retiro das Almas Mine,BRA,iron-mining,2022-01-01 00:00:00,2022-12-31 00:00:00,high,,,,,,,,,,,2023-10-10 00:00:00,2023-11-06 11:20:00,
25487125,Santa Barbara Mine,BRA,iron-mining,2022-01-01 00:00:00,2022-12-31 00:00:00,high,,,,,,,,,,,2023-10-10 00:00:00,2023-11-06 11:20:00,
25487126,Santa Cruz Mine,BRA,iron-mining,2022-01-01 00:00:00,2022-12-31 00:00:00,high,,,,,,,,,,,2023-10-10 00:00:00,2023-11-06 11:20:00,
25487127,Sapecado Mine,BRA,iron-mining,2022-01-01 00:00:00,2022-12-31 00:00:00,high,,,,,,,,,,,2023-10-10 00:00:00,2023-11-06 11:20:00,
25487128,Segredo Mine,BRA,iron-mining,2022-01-01 00:00:00,2022-12-31 00:00:00,high,,,,,,,,,,,2023-10-10 00:00:00,2023-11-06 11:20:00,
25487129,Serra Azul Mine,BRA,iron-mining,2022-01-01 00:00:00,2022-12-31 00:00:00,high,,,high,medium,,,medium,,,medium,2023-10-10 00:00:00,2023-11-06 11:20:00,medium
25487130,Serra Leste Mine,BRA,iron-mining,2022-01-01 00:00:00,2022-12-31 00:00:00,high,,,medium,low,,,low,,,low,2023-10-10 00:00:00,2023-11-06 11:20:00,low
25487131,Serra Norte Mine,BRA,iron-mining,2022-01-01 00:00:00,2022-12-31 00:00:00,high,,,high,low,,,low,,,low,2023-10-10 00:00:00,2023-11-06 11:20:00,low
25487132,Serra Sul Mine,BRA,iron-mining,2022-01-01 00:00:00,2022-12-31 00:00:00,high,,,high,low,,,low,,,low,2023-10-10 00:00:00,2023-11-06 11:20:00,low
25487133,Serrinha Mine,BRA,iron-mining,2022-01-01 00:00:00,2022-12-31 00:00:00,high,,,,,,,,,,,2023-10-10 00:00:00,2023-11-06 11:20:00,
25487134,Tamandua Mine,BRA,iron-mining,2022-01-01 00:00:00,2022-12-31 00:00:00,high,,,,,,,,,,,2023-10-10 00:00:00,2023-11-06 11:20:00,
25487135,Tejucana Mine,BRA,iron-mining,2022-01-01 00:00:00,2022-12-31 00:00:00,high,,,,,,,,,,,2023-10-10 00:00:00,2023-11-06 11:20:00,
25487136,Tico Tico Mine,BRA,iron-mining,2022-01-01 00:00:00,2022-12-31 00:00:00,high,,,,,,,,,,,2023-10-10 00:00:00,2023-11-06 11:20:00,
25487137,Timbopeba Mine,BRA,iron-mining,2022-01-01 00:00:00,2022-12-31 00:00:00,high,,,,,,,,,,,2023-10-10 00:00:00,2023-11-06 11:20:00,
25487138,Urucum Mine,BRA,iron-mining,2022-01-01 00:00:00,2022-12-31 00:00:00,high,,,high,high,,,high,,,high,2023-10-10 00:00:00,2023-11-06 11:20:00,high
25487139,Vargem Grande Complex,BRA,iron-mining,2022-01-01 00:00:00,2022-12-31 00:00:00,high,,,high,medium,,,medium,,,medium,2023-10-10 00:00:00,2023-11-06 11:20:00,medium
25487140,Varzea do Lopes Mine,BRA,iron-mining,2022-01-01 00:00:00,2022-12-31 00:00:00,high,,,,,,,,,,,2023-10-10 00:00:00,2023-11-06 11:20:00,
25487141,Viga Mine,BRA,iron-mining,2022-01-01 00:00:00,2022-12-31 00:00:00,high,,,,,,,,,,,2023-10-10 00:00:00,2023-11-06 11:20:00,
25487142,Adams Mine,CAN,iron-mining,2022-01-01 00:00:00,2022-12-31 00:00:00,high,,,high,high,,,high,,,high,2023-10-10 00:00:00,2023-11-06 11:20:00,high
25487143,Bloom Lake Mine,CAN,iron-mining,2022-01-01 00:00:00,2022-12-31 00:00:00,high,,,high,low,,,low,,,low,2023-10-10 00:00:00,2023-11-06 11:20:00,low
25487144,Carol Lake Mine,CAN,iron-mining,2022-01-01 00:00:00,2022-12-31 00:00:00,high,,,medium,medium,,,medium,,,medium,2023-10-10 00:00:00,2023-11-06 11:20:00,medium
25487145,Fire Lake Mine,CAN,iron-mining,2022-01-01 00:00:00,2022-12-31 00:00:00,high,,,low,medium,,,low,,,low,2023-10-10 00:00:00,2023-11-06 11:20:00,low
25487146,Howse Mine,CAN,iron-mining,2022-01-01 00:00:00,2022-12-31 00:00:00,high,,,high,high,,,high,,,high,2023-10-10 00:00:00,2023-11-06 11:20:00,high
25487147,James Mine,CAN,iron-mining,2022-01-01 00:00:00,2022-12-31 00:00:00,high,,,high,high,,,high,,,high,2023-10-10 00:00:00,2023-11-06 11:20:00,high
25487148,Kivivic Mine,CAN,iron-mining,2022-01-01 00:00:00,2022-12-31 00:00:00,high,,,,,,,,,,,2023-10-10 00:00:00,2023-11-06 11:20:00,
25487149,Knob Lake Mine,CAN,iron-mining,2022-01-01 00:00:00,2022-12-31 00:00:00,high,,,,,,,,,,,2023-10-10 00:00:00,2023-11-06 11:20:00,
25487150,Lac Tio Mine,CAN,iron-mining,2022-01-01 00:00:00,2022-12-31 00:00:00,high,,,,,,,,,,,2023-10-10 00:00:00,2023-11-06 11:20:00,
25487151,Mary River Mine,CAN,iron-mining,2022-01-01 00:00:00,2022-12-31 00:00:00,high,,,high,medium,,,medium,,,medium,2023-10-10 00:00:00,2023-11-06 11:20:00,medium
25487152,Mont-Wright Mine,CAN,iron-mining,2022-01-01 00:00:00,2022-12-31 00:00:00,high,,,medium,medium,,,medium,,,medium,2023-10-10 00:00:00,2023-11-06 11:20:00,medium
25487153,Redmond Mine,CAN,iron-mining,2022-01-01 00:00:00,2022-12-31 00:00:00,high,,,high,high,,,high,,,high,2023-10-10 00:00:00,2023-11-06 11:20:00,high
25487154,Scully Mine,CAN,iron-mining,2022-01-01 00:00:00,2022-12-31 00:00:00,high,,,medium,low,,,low,,,low,2023-10-10 00:00:00,2023-11-06 11:20:00,low
25487155,Sherman Mine,CAN,iron-mining,2022-01-01 00:00:00,2022-12-31 00:00:00,high,,,high,high,,,high,,,high,2023-10-10 00:00:00,2023-11-06 11:20:00,high
25487156,Bellavista Mine,CHL,iron-mining,2022-01-01 00:00:00,2022-12-31 00:00:00,high,,,low,very low,,,very low,,,very low,2023-10-10 00:00:00,2023-11-06 11:20:00,very low
25487157,Carmen Mine,CHL,iron-mining,2022-01-01 00:00:00,2022-12-31 00:00:00,high,,,high,high,,,high,,,high,2023-10-10 00:00:00,2023-11-06 11:20:00,high
25487158,Cerro Negro Norte Mine,CHL,iron-mining,2022-01-01 00:00:00,2022-12-31 00:00:00,high,,,,,,,,,,,2023-10-10 00:00:00,2023-11-06 11:20:00,
25487159,El Algarrobo Mine,CHL,iron-mining,2022-01-01 00:00:00,2022-12-31 00:00:00,high,,,high,high,,,high,,,high,2023-10-10 00:00:00,2023-11-06 11:20:00,high
25487160,El Romeral Mine,CHL,iron-mining,2022-01-01 00:00:00,2022-12-31 00:00:00,high,,,,,,,,,,,2023-10-10 00:00:00,2023-11-06 11:20:00,
25487161,El Tofo Mine,CHL,iron-mining,2022-01-01 00:00:00,2022-12-31 00:00:00,high,,,high,high,,,high,,,high,2023-10-10 00:00:00,2023-11-06 11:20:00,high
25487162,Los Colorados Mine,CHL,iron-mining,2022-01-01 00:00:00,2022-12-31 00:00:00,high,,,,,,,,,,,2023-10-10 00:00:00,2023-11-06 11:20:00,
25487163,Anqing Mine,CHN,iron-mining,2022-01-01 00:00:00,2022-12-31 00:00:00,high,,,,,,,,,,,2023-10-10 00:00:00,2023-11-06 11:20:00,
25487164,Aoshan Mine,CHN,iron-mining,2022-01-01 00:00:00,2022-12-31 00:00:00,high,,,high,high,,,high,,,high,2023-10-10 00:00:00,2023-11-06 11:20:00,high
25487165,Baima Mine,CHN,iron-mining,2022-01-01 00:00:00,2022-12-31 00:00:00,high,,,,,,,,,,,2023-10-10 00:00:00,2023-11-06 11:20:00,
25487166,Bayan Obo East Mine,CHN,iron-mining,2022-01-01 00:00:00,2022-12-31 00:00:00,high,,,,,,,,,,,2023-10-10 00:00:00,2023-11-06 11:20:00,
25487167,Bayan Obo Main Mine,CHN,iron-mining,2022-01-01 00:00:00,2022-12-31 00:00:00,high,,,,,,,,,,,2023-10-10 00:00:00,2023-11-06 11:20:00,
25487168,Bayan Obo West Mine,CHN,iron-mining,2022-01-01 00:00:00,2022-12-31 00:00:00,high,,,,,,,,,,,2023-10-10 00:00:00,2023-11-06 11:20:00,
25487169,Beitai Mine,CHN,iron-mining,2022-01-01 00:00:00,2022-12-31 00:00:00,high,,,,,,,,,,,2023-10-10 00:00:00,2023-11-06 11:20:00,
25487170,Chaoboleng Mine,CHN,iron-mining,2022-01-01 00:00:00,2022-12-31 00:00:00,high,,,,,,,,,,,2023-10-10 00:00:00,2023-11-06 11:20:00,
25487171,Chengchao Mine,CHN,iron-mining,2022-01-01 00:00:00,2022-12-31 00:00:00,high,,,,,,,,,,,2023-10-10 00:00:00,2023-11-06 11:20:00,
25487172,Chimashan Mine,CHN,iron-mining,2022-01-01 00:00:00,2022-12-31 00:00:00,high,,,,,,,,,,,2023-10-10 00:00:00,2023-11-06 11:20:00,
25487173,Cihai Mine,CHN,iron-mining,2022-01-01 00:00:00,2022-12-31 00:00:00,high,,,,,,,,,,,2023-10-10 00:00:00,2023-11-06 11:20:00,
25487174,Dabaoshan Mine,CHN,iron-mining,2022-01-01 00:00:00,2022-12-31 00:00:00,high,,,,,,,,,,,2023-10-10 00:00:00,2023-11-06 11:20:00,
25487175,Daguangshan Mine,CHN,iron-mining,2022-01-01 00:00:00,2022-12-31 00:00:00,high,,,,,,,,,,,2023-10-10 00:00:00,2023-11-06 11:20:00,
25487176,Dagushan Mine,CHN,iron-mining,2022-01-01 00:00:00,2022-12-31 00:00:00,high,,,,,,,,,,,2023-10-10 00:00:00,2023-11-06 11:20:00,
25487177,Dataigou Mine,CHN,iron-mining,2022-01-01 00:00:00,2022-12-31 00:00:00,high,,,medium,very low,,,very low,,,very low,2023-10-10 00:00:00,2023-11-06 11:20:00,very low
25487178,Datun Mine,CHN,iron-mining,2022-01-01 00:00:00,2022-12-31 00:00:00,high,,,,,,,,,,,2023-10-10 00:00:00,2023-11-06 11:20:00,
25487179,Fenghuangshan Mine,CHN,iron-mining,2022-01-01 00:00:00,2022-12-31 00:00:00,high,,,high,high,,,high,,,high,2023-10-10 00:00:00,2023-11-06 11:20:00,high
25487180,Gaocun Mine,CHN,iron-mining,2022-01-01 00:00:00,2022-12-31 00:00:00,high,,,,,,,,,,,2023-10-10 00:00:00,2023-11-06 11:20:00,
25487181,Gongchangling Mine,CHN,iron-mining,2022-01-01 00:00:00,2022-12-31 00:00:00,high,,,,,,,,,,,2023-10-10 00:00:00,2023-11-06 11:20:00,
25487182,Guanyinshan Mine,CHN,iron-mining,2022-01-01 00:00:00,2022-12-31 00:00:00,high,,,,,,,,,,,2023-10-10 00:00:00,2023-11-06 11:20:00,
25487183,Gushan Mine,CHN,iron-mining,2022-01-01 00:00:00,2022-12-31 00:00:00,high,,,high,high,,,high,,,high,2023-10-10 00:00:00,2023-11-06 11:20:00,high
25487184,Heigou Mine,CHN,iron-mining,2022-01-01 00:00:00,2022-12-31 00:00:00,high,,,,,,,,,,,2023-10-10 00:00:00,2023-11-06 11:20:00,
25487185,Heiwang Mine,CHN,iron-mining,2022-01-01 00:00:00,2022-12-31 00:00:00,high,,,,,,,,,,,2023-10-10 00:00:00,2023-11-06 11:20:00,
25487186,Heiyingshan Mine,CHN,iron-mining,2022-01-01 00:00:00,2022-12-31 00:00:00,high,,,,,,,,,,,2023-10-10 00:00:00,2023-11-06 11:20:00,
25487187,Hemushan Mine,CHN,iron-mining,2022-01-01 00:00:00,2022-12-31 00:00:00,high,,,high,high,,,high,,,high,2023-10-10 00:00:00,2023-11-06 11:20:00,high
25487188,Hugushan Mine,CHN,iron-mining,2022-01-01 00:00:00,2022-12-31 00:00:00,high,,,,,,,,,,,2023-10-10 00:00:00,2023-11-06 11:20:00,
25487189,Hujiamiaozi Mine,CHN,iron-mining,2022-01-01 00:00:00,2022-12-31 00:00:00,high,,,medium,very low,,,very low,,,very low,2023-10-10 00:00:00,2023-11-06 11:20:00,very low
25487190,Jinbao Mine,CHN,iron-mining,2022-01-01 00:00:00,2022-12-31 00:00:00,high,,,,,,,,,,,2023-10-10 00:00:00,2023-11-06 11:20:00,
25487191,Jingsanshi Mine,CHN,iron-mining,2022-01-01 00:00:00,2022-12-31 00:00:00,high,,,,,,,,,,,2023-10-10 00:00:00,2023-11-06 11:20:00,
25487192,Jinshandian Mine,CHN,iron-mining,2022-01-01 00:00:00,2022-12-31 00:00:00,high,,,,,,,,,,,2023-10-10 00:00:00,2023-11-06 11:20:00,
25487193,Jiulong Mine,CHN,iron-mining,2022-01-01 00:00:00,2022-12-31 00:00:00,high,,,,,,,,,,,2023-10-10 00:00:00,2023-11-06 11:20:00,
25487194,Kendekeke Mine,CHN,iron-mining,2022-01-01 00:00:00,2022-12-31 00:00:00,high,,,,,,,,,,,2023-10-10 00:00:00,2023-11-06 11:20:00,
25487195,Lanjian Zhujia Baobao Mine,CHN,iron-mining,2022-01-01 00:00:00,2022-12-31 00:00:00,high,,,low,very low,,,very low,,,very low,2023-10-10 00:00:00,2023-11-06 11:20:00,very low
25487196,Liangshan Mine,CHN,iron-mining,2022-01-01 00:00:00,2022-12-31 00:00:00,high,,,high,high,,,high,,,high,2023-10-10 00:00:00,2023-11-06 11:20:00,high
25487197,Lingxiang Mine,CHN,iron-mining,2022-01-01 00:00:00,2022-12-31 00:00:00,high,,,,,,,,,,,2023-10-10 00:00:00,2023-11-06 11:20:00,
25487198,Liujiafan Mine,CHN,iron-mining,2022-01-01 00:00:00,2022-12-31 00:00:00,high,,,,,,,,,,,2023-10-10 00:00:00,2023-11-06 11:20:00,
25487199,Lizhu Mine,CHN,iron-mining,2022-01-01 00:00:00,2022-12-31 00:00:00,high,,,high,high,,,high,,,high,2023-10-10 00:00:00,2023-11-06 11:20:00,high
25487200,Lizishan Mine,CHN,iron-mining,2022-01-01 00:00:00,2022-12-31 00:00:00,high,,,,,,,,,,,2023-10-10 00:00:00,2023-11-06 11:20:00,
25487201,Longyan Mine,CHN,iron-mining,2022-01-01 00:00:00,2022-12-31 00:00:00,high,,,,,,,,,,,2023-10-10 00:00:00,2023-11-06 11:20:00,
25487202,Lugu Mine,CHN,iron-mining,2022-01-01 00:00:00,2022-12-31 00:00:00,high,,,,,,,,,,,2023-10-10 00:00:00,2023-11-06 11:20:00,
25487203,Malanzhuang Mine,CHN,iron-mining,2022-01-01 00:00:00,2022-12-31 00:00:00,high,,,,,,,,,,,2023-10-10 00:00:00,2023-11-06 11:20:00,
25487204,Manaoshan Mine,CHN,iron-mining,2022-01-01 00:00:00,2022-12-31 00:00:00,high,,,high,high,,,high,,,high,2023-10-10 00:00:00,2023-11-06 11:20:00,high
25487205,Mancheng Mine,CHN,iron-mining,2022-01-01 00:00:00,2022-12-31 00:00:00,high,,,,,,,,,,,2023-10-10 00:00:00,2023-11-06 11:20:00,
25487206,Mengku Mine,CHN,iron-mining,2022-01-01 00:00:00,2022-12-31 00:00:00,high,,,,,,,,,,,2023-10-10 00:00:00,2023-11-06 11:20:00,
25487207,Nanfen Mine,CHN,iron-mining,2022-01-01 00:00:00,2022-12-31 00:00:00,high,,,,,,,,,,,2023-10-10 00:00:00,2023-11-06 11:20:00,
25487208,Qianshan Mine,CHN,iron-mining,2022-01-01 00:00:00,2022-12-31 00:00:00,high,,,,,,,,,,,2023-10-10 00:00:00,2023-11-06 11:20:00,
25487209,Qidashan Mine,CHN,iron-mining,2022-01-01 00:00:00,2022-12-31 00:00:00,high,,,medium,very low,,,very low,,,very low,2023-10-10 00:00:00,2023-11-06 11:20:00,very low
25487210,Rongguan Mine,CHN,iron-mining,2022-01-01 00:00:00,2022-12-31 00:00:00,high,,,,,,,,,,,2023-10-10 00:00:00,2023-11-06 11:20:00,
25487211,Sanheming Mine,CHN,iron-mining,2022-01-01 00:00:00,2022-12-31 00:00:00,high,,,,,,,,,,,2023-10-10 00:00:00,2023-11-06 11:20:00,
25487212,Sartohay Mine,CHN,iron-mining,2022-01-01 00:00:00,2022-12-31 00:00:00,high,,,,,,,,,,,2023-10-10 00:00:00,2023-11-06 11:20:00,
25487213,Shikebutai Mine,CHN,iron-mining,2022-01-01 00:00:00,2022-12-31 00:00:00,high,,,,,,,,,,,2023-10-10 00:00:00,2023-11-06 11:20:00,
25487214,Shilu Mine,CHN,iron-mining,2022-01-01 00:00:00,2022-12-31 00:00:00,high,,,,,,,,,,,2023-10-10 00:00:00,2023-11-06 11:20:00,
25487215,Shizishan Mine,CHN,iron-mining,2022-01-01 00:00:00,2022-12-31 00:00:00,high,,,,,,,,,,,2023-10-10 00:00:00,2023-11-06 11:20:00,
25487216,Shougang Mine,CHN,iron-mining,2022-01-01 00:00:00,2022-12-31 00:00:00,high,,,,,,,,,,,2023-10-10 00:00:00,2023-11-06 11:20:00,
25487217,Sijiaying Mine,CHN,iron-mining,2022-01-01 00:00:00,2022-12-31 00:00:00,high,,,medium,very low,,,very low,,,very low,2023-10-10 00:00:00,2023-11-06 11:20:00,very low
25487218,Tadong Mine,CHN,iron-mining,2022-01-01 00:00:00,2022-12-31 00:00:00,high,,,,,,,,,,,2023-10-10 00:00:00,2023-11-06 11:20:00,
25487219,Taihe Mine,CHN,iron-mining,2022-01-01 00:00:00,2022-12-31 00:00:00,high,,,,,,,,,,,2023-10-10 00:00:00,2023-11-06 11:20:00,
25487220,Taipingshan Mine,CHN,iron-mining,2022-01-01 00:00:00,2022-12-31 00:00:00,high,,,high,high,,,high,,,high,2023-10-10 00:00:00,2023-11-06 11:20:00,high
25487221,Taocun Mine,CHN,iron-mining,2022-01-01 00:00:00,2022-12-31 00:00:00,high,,,,,,,,,,,2023-10-10 00:00:00,2023-11-06 11:20:00,
25487222,Tieshan Mine,CHN,iron-mining,2022-01-01 00:00:00,2022-12-31 00:00:00,high,,,,,,,,,,,2023-10-10 00:00:00,2023-11-06 11:20:00,
25487223,Tonglushan Mine,CHN,iron-mining,2022-01-01 00:00:00,2022-12-31 00:00:00,high,,,,,,,,,,,2023-10-10 00:00:00,2023-11-06 11:20:00,
25487224,Waitoushan Mine,CHN,iron-mining,2022-01-01 00:00:00,2022-12-31 00:00:00,high,,,,,,,,,,,2023-10-10 00:00:00,2023-11-06 11:20:00,
25487225,Washan Mine,CHN,iron-mining,2022-01-01 00:00:00,2022-12-31 00:00:00,high,,,high,high,,,high,,,high,2023-10-10 00:00:00,2023-11-06 11:20:00,high
25487226,Xiaoxinchang Mine,CHN,iron-mining,2022-01-01 00:00:00,2022-12-31 00:00:00,high,,,,,,,,,,,2023-10-10 00:00:00,2023-11-06 11:20:00,
25487227,Xiasifang Mine,CHN,iron-mining,2022-01-01 00:00:00,2022-12-31 00:00:00,high,,,high,high,,,high,,,high,2023-10-10 00:00:00,2023-11-06 11:20:00,high
25487228,Xie'ertala Mine,CHN,iron-mining,2022-01-01 00:00:00,2022-12-31 00:00:00,high,,,,,,,,,,,2023-10-10 00:00:00,2023-11-06 11:20:00,
25487229,Xinqiao Mine,CHN,iron-mining,2022-01-01 00:00:00,2022-12-31 00:00:00,high,,,,,,,,,,,2023-10-10 00:00:00,2023-11-06 11:20:00,
25487230,Xishimen Mine,CHN,iron-mining,2022-01-01 00:00:00,2022-12-31 00:00:00,high,,,,,,,,,,,2023-10-10 00:00:00,2023-11-06 11:20:00,
25487231,Yamansu Mine,CHN,iron-mining,2022-01-01 00:00:00,2022-12-31 00:00:00,high,,,,,,,,,,,2023-10-10 00:00:00,2023-11-06 11:20:00,
25487232,Yanqianshan Mine,CHN,iron-mining,2022-01-01 00:00:00,2022-12-31 00:00:00,high,,,,,,,,,,,2023-10-10 00:00:00,2023-11-06 11:20:00,
25487233,Yuanjiacun Mine,CHN,iron-mining,2022-01-01 00:00:00,2022-12-31 00:00:00,high,,,medium,very low,,,very low,,,very low,2023-10-10 00:00:00,2023-11-06 11:20:00,very low
25487234,Yuquanling Mine,CHN,iron-mining,2022-01-01 00:00:00,2022-12-31 00:00:00,high,,,high,high,,,high,,,high,2023-10-10 00:00:00,2023-11-06 11:20:00,high
25487235,Yushiwa Mine,CHN,iron-mining,2022-01-01 00:00:00,2022-12-31 00:00:00,high,,,,,,,,,,,2023-10-10 00:00:00,2023-11-06 11:20:00,
25487236,Zhongguan Mine,CHN,iron-mining,2022-01-01 00:00:00,2022-12-31 00:00:00,high,,,,,,,,,,,2023-10-10 00:00:00,2023-11-06 11:20:00,
25487237,Zhongjia Mine,CHN,iron-mining,2022-01-01 00:00:00,2022-12-31 00:00:00,high,,,,,,,,,,,2023-10-10 00:00:00,2023-11-06 11:20:00,
25487238,Zhongjiu Mine,CHN,iron-mining,2022-01-01 00:00:00,2022-12-31 00:00:00,high,,,,,,,,,,,2023-10-10 00:00:00,2023-11-06 11:20:00,
25487239,El Santuario Mine,COL,iron-mining,2022-01-01 00:00:00,2022-12-31 00:00:00,high,,,,,,,,,,,2023-10-10 00:00:00,2023-11-06 11:20:00,
25487240,El Uvo Mine,COL,iron-mining,2022-01-01 00:00:00,2022-12-31 00:00:00,high,,,,,,,,,,,2023-10-10 00:00:00,2023-11-06 11:20:00,
25487241,Moa Mine,CUB,iron-mining,2022-01-01 00:00:00,2022-12-31 00:00:00,high,,,high,medium,,,medium,,,medium,2023-10-10 00:00:00,2023-11-06 11:20:00,medium
25487242,Anini Mine,DZA,iron-mining,2022-01-01 00:00:00,2022-12-31 00:00:00,high,,,,,,,,,,,2023-10-10 00:00:00,2023-11-06 11:20:00,
25487243,Boukhdra Mine,DZA,iron-mining,2022-01-01 00:00:00,2022-12-31 00:00:00,high,,,,,,,,,,,2023-10-10 00:00:00,2023-11-06 11:20:00,
25487244,Gara Djebilet Mine ,DZA,iron-mining,2022-01-01 00:00:00,2022-12-31 00:00:00,high,,,,,,,,,,,2023-10-10 00:00:00,2023-11-06 11:20:00,
25487245,Khanguet Mine,DZA,iron-mining,2022-01-01 00:00:00,2022-12-31 00:00:00,high,,,,,,,,,,,2023-10-10 00:00:00,2023-11-06 11:20:00,
25487246,Ouenza Mine,DZA,iron-mining,2022-01-01 00:00:00,2022-12-31 00:00:00,high,,,,,,,,,,,2023-10-10 00:00:00,2023-11-06 11:20:00,
25487247,Rouina Mine,DZA,iron-mining,2022-01-01 00:00:00,2022-12-31 00:00:00,high,,,,,,,,,,,2023-10-10 00:00:00,2023-11-06 11:20:00,
25487248,Alquife Mine,ESP,iron-mining,2022-01-01 00:00:00,2022-12-31 00:00:00,high,,,low,very low,,,very low,,,very low,2023-10-10 00:00:00,2023-11-06 11:20:00,very low
25487249,Maamorilik Mine,GRL,iron-mining,2022-01-01 00:00:00,2022-12-31 00:00:00,high,,,high,high,,,high,,,high,2023-10-10 00:00:00,2023-11-06 11:20:00,high
25487250,Ajitaburu Mine,IND,iron-mining,2022-01-01 00:00:00,2022-12-31 00:00:00,high,,,,,,,,,,,2023-10-10 00:00:00,2023-11-06 11:20:00,
25487251,Appu Hati Mine,IND,iron-mining,2022-01-01 00:00:00,2022-12-31 00:00:00,high,,,,,,,,,,,2023-10-10 00:00:00,2023-11-06 11:20:00,
25487252,Bacheli Mine,IND,iron-mining,2022-01-01 00:00:00,2022-12-31 00:00:00,high,,,medium,low,,,low,,,low,2023-10-10 00:00:00,2023-11-06 11:20:00,low
25487253,Badampahar Mine,IND,iron-mining,2022-01-01 00:00:00,2022-12-31 00:00:00,high,,,,,,,,,,,2023-10-10 00:00:00,2023-11-06 11:20:00,
25487254,Bailadila Mine,IND,iron-mining,2022-01-01 00:00:00,2022-12-31 00:00:00,high,,,,,,,,,,,2023-10-10 00:00:00,2023-11-06 11:20:00,
25487255,Balda Block Mine,IND,iron-mining,2022-01-01 00:00:00,2022-12-31 00:00:00,high,,,medium,low,,,low,,,low,2023-10-10 00:00:00,2023-11-06 11:20:00,low
25487256,Barsua Mine,IND,iron-mining,2022-01-01 00:00:00,2022-12-31 00:00:00,high,,,,,,,,,,,2023-10-10 00:00:00,2023-11-06 11:20:00,
25487257,Bhadra Mine,IND,iron-mining,2022-01-01 00:00:00,2022-12-31 00:00:00,high,,,,,,,,,,,2023-10-10 00:00:00,2023-11-06 11:20:00,
25487258,Bhadrasahi Mine,IND,iron-mining,2022-01-01 00:00:00,2022-12-31 00:00:00,high,,,,,,,,,,,2023-10-10 00:00:00,2023-11-06 11:20:00,
25487259,Bhanjapali Mine,IND,iron-mining,2022-01-01 00:00:00,2022-12-31 00:00:00,high,,,,,,,,,,,2023-10-10 00:00:00,2023-11-06 11:20:00,
25487260,Bhutuda Mine,IND,iron-mining,2022-01-01 00:00:00,2022-12-31 00:00:00,high,,,,,,,,,,,2023-10-10 00:00:00,2023-11-06 11:20:00,
25487261,Bicholim Mine,IND,iron-mining,2022-01-01 00:00:00,2022-12-31 00:00:00,high,,,high,high,,,high,,,high,2023-10-10 00:00:00,2023-11-06 11:20:00,high
25487262,Bico Mine,IND,iron-mining,2022-01-01 00:00:00,2022-12-31 00:00:00,high,,,,,,,,,,,2023-10-10 00:00:00,2023-11-06 11:20:00,
25487263,Bolani Mine,IND,iron-mining,2022-01-01 00:00:00,2022-12-31 00:00:00,high,,,,,,,,,,,2023-10-10 00:00:00,2023-11-06 11:20:00,
25487264,Bondra Mine,IND,iron-mining,2022-01-01 00:00:00,2022-12-31 00:00:00,high,,,high,high,,,high,,,high,2023-10-10 00:00:00,2023-11-06 11:20:00,high
25487265,Chiria Mine,IND,iron-mining,2022-01-01 00:00:00,2022-12-31 00:00:00,high,,,,,,,,,,,2023-10-10 00:00:00,2023-11-06 11:20:00,
25487266,Codli Mine,IND,iron-mining,2022-01-01 00:00:00,2022-12-31 00:00:00,high,,,high,high,,,high,,,high,2023-10-10 00:00:00,2023-11-06 11:20:00,high
25487267,D Area Mine,IND,iron-mining,2022-01-01 00:00:00,2022-12-31 00:00:00,high,,,,,,,,,,,2023-10-10 00:00:00,2023-11-06 11:20:00,
25487268,Daitari Mine,IND,iron-mining,2022-01-01 00:00:00,2022-12-31 00:00:00,high,,,,,,,,,,,2023-10-10 00:00:00,2023-11-06 11:20:00,
25487269,Dharmapura Mine,IND,iron-mining,2022-01-01 00:00:00,2022-12-31 00:00:00,high,,,,,,,,,,,2023-10-10 00:00:00,2023-11-06 11:20:00,
25487270,Donimalai Mine,IND,iron-mining,2022-01-01 00:00:00,2022-12-31 00:00:00,high,,,,,,,,,,,2023-10-10 00:00:00,2023-11-06 11:20:00,
25487271,Gandamarhan Mine,IND,iron-mining,2022-01-01 00:00:00,2022-12-31 00:00:00,high,,,,,,,,,,,2023-10-10 00:00:00,2023-11-06 11:20:00,
25487272,Geetarani Mine,IND,iron-mining,2022-01-01 00:00:00,2022-12-31 00:00:00,high,,,,,,,,,,,2023-10-10 00:00:00,2023-11-06 11:20:00,
25487273,Ghoraburhani-Sagasahi Mine,IND,iron-mining,2022-01-01 00:00:00,2022-12-31 00:00:00,high,,,high,low,,,low,,,low,2023-10-10 00:00:00,2023-11-06 11:20:00,low
25487274,Gorumahisani Mine,IND,iron-mining,2022-01-01 00:00:00,2022-12-31 00:00:00,high,,,,,,,,,,,2023-10-10 00:00:00,2023-11-06 11:20:00,
25487275,Gua Mine,IND,iron-mining,2022-01-01 00:00:00,2022-12-31 00:00:00,high,,,,,,,,,,,2023-10-10 00:00:00,2023-11-06 11:20:00,
25487276,Guali Mine,IND,iron-mining,2022-01-01 00:00:00,2022-12-31 00:00:00,high,,,,,,,,,,,2023-10-10 00:00:00,2023-11-06 11:20:00,
25487277,Harvalem Mine,IND,iron-mining,2022-01-01 00:00:00,2022-12-31 00:00:00,high,,,,,,,,,,,2023-10-10 00:00:00,2023-11-06 11:20:00,
25487278,Jajang Mine,IND,iron-mining,2022-01-01 00:00:00,2022-12-31 00:00:00,high,,,,,,,,,,,2023-10-10 00:00:00,2023-11-06 11:20:00,
25487279,Jambunathanahall Mine,IND,iron-mining,2022-01-01 00:00:00,2022-12-31 00:00:00,high,,,,,,,,,,,2023-10-10 00:00:00,2023-11-06 11:20:00,
25487280,Jaribahal Mine,IND,iron-mining,2022-01-01 00:00:00,2022-12-31 00:00:00,high,,,,,,,,,,,2023-10-10 00:00:00,2023-11-06 11:20:00,
25487281,Jharan Dalli Mine,IND,iron-mining,2022-01-01 00:00:00,2022-12-31 00:00:00,high,,,,,,,,,,,2023-10-10 00:00:00,2023-11-06 11:20:00,
25487282,Jiling-Langlotta Mine,IND,iron-mining,2022-01-01 00:00:00,2022-12-31 00:00:00,high,,,,,,,,,,,2023-10-10 00:00:00,2023-11-06 11:20:00,
25487283,Joda East Mine,IND,iron-mining,2022-01-01 00:00:00,2022-12-31 00:00:00,high,,,medium,low,,,low,,,low,2023-10-10 00:00:00,2023-11-06 11:20:00,low
25487284,Joda West Mine,IND,iron-mining,2022-01-01 00:00:00,2022-12-31 00:00:00,high,,,,,,,,,,,2023-10-10 00:00:00,2023-11-06 11:20:00,
25487285,Joribar Mine,IND,iron-mining,2022-01-01 00:00:00,2022-12-31 00:00:00,high,,,,,,,,,,,2023-10-10 00:00:00,2023-11-06 11:20:00,
25487286,Kadam Kocha/Ruri Mine,IND,iron-mining,2022-01-01 00:00:00,2022-12-31 00:00:00,high,,,,,,,,,,,2023-10-10 00:00:00,2023-11-06 11:20:00,
25487287,Kalta Mine,IND,iron-mining,2022-01-01 00:00:00,2022-12-31 00:00:00,high,,,,,,,,,,,2023-10-10 00:00:00,2023-11-06 11:20:00,
25487288,Karnataka Mine,IND,iron-mining,2022-01-01 00:00:00,2022-12-31 00:00:00,high,,,high,medium,,,medium,,,medium,2023-10-10 00:00:00,2023-11-06 11:20:00,medium
25487289,Kasia Mine,IND,iron-mining,2022-01-01 00:00:00,2022-12-31 00:00:00,high,,,,,,,,,,,2023-10-10 00:00:00,2023-11-06 11:20:00,
25487290,Katesahi Mine,IND,iron-mining,2022-01-01 00:00:00,2022-12-31 00:00:00,high,,,,,,,,,,,2023-10-10 00:00:00,2023-11-06 11:20:00,
25487291,Khandbandh Mine,IND,iron-mining,2022-01-01 00:00:00,2022-12-31 00:00:00,high,,,,,,,,,,,2023-10-10 00:00:00,2023-11-06 11:20:00,
25487292,Kirandul Complex,IND,iron-mining,2022-01-01 00:00:00,2022-12-31 00:00:00,high,,,medium,low,,,low,,,low,2023-10-10 00:00:00,2023-11-06 11:20:00,low
25487293,Kiriburu Mine,IND,iron-mining,2022-01-01 00:00:00,2022-12-31 00:00:00,high,,,,,,,,,,,2023-10-10 00:00:00,2023-11-06 11:20:00,
25487294,Koira Mine,IND,iron-mining,2022-01-01 00:00:00,2022-12-31 00:00:00,high,,,,,,,,,,,2023-10-10 00:00:00,2023-11-06 11:20:00,
25487295,Kudremukh Mine,IND,iron-mining,2022-01-01 00:00:00,2022-12-31 00:00:00,high,,,high,high,,,high,,,high,2023-10-10 00:00:00,2023-11-06 11:20:00,high
25487296,Kumaraswamy Mine,IND,iron-mining,2022-01-01 00:00:00,2022-12-31 00:00:00,high,,,,,,,,,,,2023-10-10 00:00:00,2023-11-06 11:20:00,
25487297,Kurmitar Mine,IND,iron-mining,2022-01-01 00:00:00,2022-12-31 00:00:00,high,,,,,,,,,,,2023-10-10 00:00:00,2023-11-06 11:20:00,
25487298,Maha Parvat Mine,IND,iron-mining,2022-01-01 00:00:00,2022-12-31 00:00:00,high,,,,,,,,,,,2023-10-10 00:00:00,2023-11-06 11:20:00,
25487299,Meghahatuburu Mine,IND,iron-mining,2022-01-01 00:00:00,2022-12-31 00:00:00,high,,,,,,,,,,,2023-10-10 00:00:00,2023-11-06 11:20:00,
25487300,Mohanty Mine,IND,iron-mining,2022-01-01 00:00:00,2022-12-31 00:00:00,high,,,,,,,,,,,2023-10-10 00:00:00,2023-11-06 11:20:00,
25487301,Murgabeda Mine,IND,iron-mining,2022-01-01 00:00:00,2022-12-31 00:00:00,high,,,,,,,,,,,2023-10-10 00:00:00,2023-11-06 11:20:00,
25487302,Nadidih Mine,IND,iron-mining,2022-01-01 00:00:00,2022-12-31 00:00:00,high,,,,,,,,,,,2023-10-10 00:00:00,2023-11-06 11:20:00,
25487303,Naibuga Mine,IND,iron-mining,2022-01-01 00:00:00,2022-12-31 00:00:00,high,,,,,,,,,,,2023-10-10 00:00:00,2023-11-06 11:20:00,
25487304,Nandi Mine,IND,iron-mining,2022-01-01 00:00:00,2022-12-31 00:00:00,high,,,,,,,,,,,2023-10-10 00:00:00,2023-11-06 11:20:00,
25487305,Narayana Mine,IND,iron-mining,2022-01-01 00:00:00,2022-12-31 00:00:00,high,,,,,,,,,,,2023-10-10 00:00:00,2023-11-06 11:20:00,
25487306,Narayanposhi Mine,IND,iron-mining,2022-01-01 00:00:00,2022-12-31 00:00:00,high,,,,,,,,,,,2023-10-10 00:00:00,2023-11-06 11:20:00,
25487307,Navalatti Mine,IND,iron-mining,2022-01-01 00:00:00,2022-12-31 00:00:00,high,,,,,,,,,,,2023-10-10 00:00:00,2023-11-06 11:20:00,
25487308,Nilanchal Mine,IND,iron-mining,2022-01-01 00:00:00,2022-12-31 00:00:00,high,,,,,,,,,,,2023-10-10 00:00:00,2023-11-06 11:20:00,
25487309,Noamundi Mine,IND,iron-mining,2022-01-01 00:00:00,2022-12-31 00:00:00,high,,,low,low,,,low,,,low,2023-10-10 00:00:00,2023-11-06 11:20:00,low
25487310,North Eastern Mine,IND,iron-mining,2022-01-01 00:00:00,2022-12-31 00:00:00,high,,,,,,,,,,,2023-10-10 00:00:00,2023-11-06 11:20:00,
25487311,Nuagaon Mine,IND,iron-mining,2022-01-01 00:00:00,2022-12-31 00:00:00,high,,,,,,,,,,,2023-10-10 00:00:00,2023-11-06 11:20:00,
25487312,Oraghat Mine,IND,iron-mining,2022-01-01 00:00:00,2022-12-31 00:00:00,high,,,,,,,,,,,2023-10-10 00:00:00,2023-11-06 11:20:00,
25487313,Panposh Mine,IND,iron-mining,2022-01-01 00:00:00,2022-12-31 00:00:00,high,,,,,,,,,,,2023-10-10 00:00:00,2023-11-06 11:20:00,
25487314,Pattnaik Mine,IND,iron-mining,2022-01-01 00:00:00,2022-12-31 00:00:00,high,,,,,,,,,,,2023-10-10 00:00:00,2023-11-06 11:20:00,
25487315,Putulpani Mine,IND,iron-mining,2022-01-01 00:00:00,2022-12-31 00:00:00,high,,,,,,,,,,,2023-10-10 00:00:00,2023-11-06 11:20:00,
25487316,Raikela Mine,IND,iron-mining,2022-01-01 00:00:00,2022-12-31 00:00:00,high,,,,,,,,,,,2023-10-10 00:00:00,2023-11-06 11:20:00,
25487317,Rajhara Mine,IND,iron-mining,2022-01-01 00:00:00,2022-12-31 00:00:00,high,,,,,,,,,,,2023-10-10 00:00:00,2023-11-06 11:20:00,
25487318,Rama Mine,IND,iron-mining,2022-01-01 00:00:00,2022-12-31 00:00:00,high,,,,,,,,,,,2023-10-10 00:00:00,2023-11-06 11:20:00,
25487319,Ramgad Mine,IND,iron-mining,2022-01-01 00:00:00,2022-12-31 00:00:00,high,,,,,,,,,,,2023-10-10 00:00:00,2023-11-06 11:20:00,
25487320,Roida Mine,IND,iron-mining,2022-01-01 00:00:00,2022-12-31 00:00:00,high,,,,,,,,,,,2023-10-10 00:00:00,2023-11-06 11:20:00,
25487321,Rungta Mine,IND,iron-mining,2022-01-01 00:00:00,2022-12-31 00:00:00,high,,,,,,,,,,,2023-10-10 00:00:00,2023-11-06 11:20:00,
25487322,Sandur Mine,IND,iron-mining,2022-01-01 00:00:00,2022-12-31 00:00:00,high,,,,,,,,,,,2023-10-10 00:00:00,2023-11-06 11:20:00,
25487323,Sanindpur Mine,IND,iron-mining,2022-01-01 00:00:00,2022-12-31 00:00:00,high,,,,,,,,,,,2023-10-10 00:00:00,2023-11-06 11:20:00,
25487324,Sanquelim Mine,IND,iron-mining,2022-01-01 00:00:00,2022-12-31 00:00:00,high,,,high,high,,,high,,,high,2023-10-10 00:00:00,2023-11-06 11:20:00,high
25487325,Shigao Mine,IND,iron-mining,2022-01-01 00:00:00,2022-12-31 00:00:00,high,,,high,high,,,high,,,high,2023-10-10 00:00:00,2023-11-06 11:20:00,high
25487326,Sirkagutu Mine,IND,iron-mining,2022-01-01 00:00:00,2022-12-31 00:00:00,high,,,,,,,,,,,2023-10-10 00:00:00,2023-11-06 11:20:00,
25487327,Sonshi Mine,IND,iron-mining,2022-01-01 00:00:00,2022-12-31 00:00:00,high,,,high,high,,,high,,,high,2023-10-10 00:00:00,2023-11-06 11:20:00,high
25487328,Suakati Mine,IND,iron-mining,2022-01-01 00:00:00,2022-12-31 00:00:00,high,,,,,,,,,,,2023-10-10 00:00:00,2023-11-06 11:20:00,
25487329,Subrayanahalli Mine,IND,iron-mining,2022-01-01 00:00:00,2022-12-31 00:00:00,high,,,,,,,,,,,2023-10-10 00:00:00,2023-11-06 11:20:00,
25487330,Suctolim Mine,IND,iron-mining,2022-01-01 00:00:00,2022-12-31 00:00:00,high,,,,,,,,,,,2023-10-10 00:00:00,2023-11-06 11:20:00,
25487331,Suleipat Mine,IND,iron-mining,2022-01-01 00:00:00,2022-12-31 00:00:00,high,,,,,,,,,,,2023-10-10 00:00:00,2023-11-06 11:20:00,
25487332,Surla Mine,IND,iron-mining,2022-01-01 00:00:00,2022-12-31 00:00:00,high,,,high,high,,,high,,,high,2023-10-10 00:00:00,2023-11-06 11:20:00,high
25487333,Taldih Mine,IND,iron-mining,2022-01-01 00:00:00,2022-12-31 00:00:00,high,,,,,,,,,,,2023-10-10 00:00:00,2023-11-06 11:20:00,
25487334,Tantigram Mine,IND,iron-mining,2022-01-01 00:00:00,2022-12-31 00:00:00,high,,,,,,,,,,,2023-10-10 00:00:00,2023-11-06 11:20:00,
25487335,Tensa Mine,IND,iron-mining,2022-01-01 00:00:00,2022-12-31 00:00:00,high,,,,,,,,,,,2023-10-10 00:00:00,2023-11-06 11:20:00,
25487336,Thakurani Mine,IND,iron-mining,2022-01-01 00:00:00,2022-12-31 00:00:00,high,,,high,medium,,,medium,,,medium,2023-10-10 00:00:00,2023-11-06 11:20:00,medium
25487337,Tiom Mine,IND,iron-mining,2022-01-01 00:00:00,2022-12-31 00:00:00,high,,,,,,,,,,,2023-10-10 00:00:00,2023-11-06 11:20:00,
25487338,Ubbalagundi Mine,IND,iron-mining,2022-01-01 00:00:00,2022-12-31 00:00:00,high,,,,,,,,,,,2023-10-10 00:00:00,2023-11-06 11:20:00,
25487339,Venkatagiri Mine,IND,iron-mining,2022-01-01 00:00:00,2022-12-31 00:00:00,high,,,,,,,,,,,2023-10-10 00:00:00,2023-11-06 11:20:00,
25487340,Abpune Mine,IRN,iron-mining,2022-01-01 00:00:00,2022-12-31 00:00:00,high,,,,,,,,,,,2023-10-10 00:00:00,2023-11-06 11:20:00,
25487341,Baba Ali Mine,IRN,iron-mining,2022-01-01 00:00:00,2022-12-31 00:00:00,high,,,medium,low,,,low,,,low,2023-10-10 00:00:00,2023-11-06 11:20:00,low
25487342,Chadormalu Mine,IRN,iron-mining,2022-01-01 00:00:00,2022-12-31 00:00:00,high,,,medium,low,,,low,,,low,2023-10-10 00:00:00,2023-11-06 11:20:00,low
25487343,Choghart Mine,IRN,iron-mining,2022-01-01 00:00:00,2022-12-31 00:00:00,high,,,,,,,,,,,2023-10-10 00:00:00,2023-11-06 11:20:00,
25487344,Delijan Mine,IRN,iron-mining,2022-01-01 00:00:00,2022-12-31 00:00:00,high,,,,,,,,,,,2023-10-10 00:00:00,2023-11-06 11:20:00,
25487345,Galali Mine,IRN,iron-mining,2022-01-01 00:00:00,2022-12-31 00:00:00,high,,,high,low,,,low,,,low,2023-10-10 00:00:00,2023-11-06 11:20:00,low
25487346,Gol Gohar Mine,IRN,iron-mining,2022-01-01 00:00:00,2022-12-31 00:00:00,high,,,medium,low,,,low,,,low,2023-10-10 00:00:00,2023-11-06 11:20:00,low
25487347,Jalal Abad Mine,IRN,iron-mining,2022-01-01 00:00:00,2022-12-31 00:00:00,high,,,low,low,,,low,,,low,2023-10-10 00:00:00,2023-11-06 11:20:00,low
25487348,Khaybar Mine,IRN,iron-mining,2022-01-01 00:00:00,2022-12-31 00:00:00,high,,,,,,,,,,,2023-10-10 00:00:00,2023-11-06 11:20:00,
25487349,Mishdovan Mine,IRN,iron-mining,2022-01-01 00:00:00,2022-12-31 00:00:00,high,,,high,low,,,low,,,low,2023-10-10 00:00:00,2023-11-06 11:20:00,low
25487350,Northern Anomaly Mine,IRN,iron-mining,2022-01-01 00:00:00,2022-12-31 00:00:00,high,,,,,,,,,,,2023-10-10 00:00:00,2023-11-06 11:20:00,
25487351,Pir Bakran Mine,IRN,iron-mining,2022-01-01 00:00:00,2022-12-31 00:00:00,high,,,,,,,,,,,2023-10-10 00:00:00,2023-11-06 11:20:00,
25487352,Sangan Mine,IRN,iron-mining,2022-01-01 00:00:00,2022-12-31 00:00:00,high,,,low,low,,,low,,,low,2023-10-10 00:00:00,2023-11-06 11:20:00,low
25487353,Sanjtok Mine,IRN,iron-mining,2022-01-01 00:00:00,2022-12-31 00:00:00,high,,,,,,,,,,,2023-10-10 00:00:00,2023-11-06 11:20:00,
25487354,Sepahan Mine,IRN,iron-mining,2022-01-01 00:00:00,2022-12-31 00:00:00,high,,,,,,,,,,,2023-10-10 00:00:00,2023-11-06 11:20:00,
25487355,Shahrak Mine,IRN,iron-mining,2022-01-01 00:00:00,2022-12-31 00:00:00,high,,,medium,low,,,low,,,low,2023-10-10 00:00:00,2023-11-06 11:20:00,low
25487356,Zaker Mine,IRN,iron-mining,2022-01-01 00:00:00,2022-12-31 00:00:00,high,,,high,high,,,high,,,high,2023-10-10 00:00:00,2023-11-06 11:20:00,high
25487357,Zarrin Mine,IRN,iron-mining,2022-01-01 00:00:00,2022-12-31 00:00:00,high,,,,,,,,,,,2023-10-10 00:00:00,2023-11-06 11:20:00,
25487358,Atansor Mine,KAZ,iron-mining,2022-01-01 00:00:00,2022-12-31 00:00:00,high,,,medium,medium,,,medium,,,medium,2023-10-10 00:00:00,2023-11-06 11:20:00,medium
25487359,Atasu Mine,KAZ,iron-mining,2022-01-01 00:00:00,2022-12-31 00:00:00,high,,,high,medium,,,medium,,,medium,2023-10-10 00:00:00,2023-11-06 11:20:00,medium
25487360,Kacharsky Mine,KAZ,iron-mining,2022-01-01 00:00:00,2022-12-31 00:00:00,high,,,high,low,,,low,,,low,2023-10-10 00:00:00,2023-11-06 11:20:00,low
25487361,Kentobe Mine,KAZ,iron-mining,2022-01-01 00:00:00,2022-12-31 00:00:00,high,,,medium,medium,,,medium,,,medium,2023-10-10 00:00:00,2023-11-06 11:20:00,medium
25487362,Kurzhunkul Mine,KAZ,iron-mining,2022-01-01 00:00:00,2022-12-31 00:00:00,high,,,high,low,,,low,,,low,2023-10-10 00:00:00,2023-11-06 11:20:00,low
25487363,Lisakovsk Mine,KAZ,iron-mining,2022-01-01 00:00:00,2022-12-31 00:00:00,high,,,medium,medium,,,medium,,,medium,2023-10-10 00:00:00,2023-11-06 11:20:00,medium
25487364,Sarbaisky Mine,KAZ,iron-mining,2022-01-01 00:00:00,2022-12-31 00:00:00,high,,,high,low,,,low,,,low,2023-10-10 00:00:00,2023-11-06 11:20:00,low
25487365,Sokolovskoye Mine,KAZ,iron-mining,2022-01-01 00:00:00,2022-12-31 00:00:00,high,,,high,low,,,low,,,low,2023-10-10 00:00:00,2023-11-06 11:20:00,low
25487366,Handuk Mine,KOR,iron-mining,2022-01-01 00:00:00,2022-12-31 00:00:00,high,,,,,,,,,,,2023-10-10 00:00:00,2023-11-06 11:20:00,
25487367,Bomi Hills Mine,LBR,iron-mining,2022-01-01 00:00:00,2022-12-31 00:00:00,high,,,,,,,,,,,2023-10-10 00:00:00,2023-11-06 11:20:00,
25487368,Bong Mine,LBR,iron-mining,2022-01-01 00:00:00,2022-12-31 00:00:00,high,,,high,high,,,high,,,high,2023-10-10 00:00:00,2023-11-06 11:20:00,high
25487369,Western Range Complex,LBR,iron-mining,2022-01-01 00:00:00,2022-12-31 00:00:00,high,,,high,medium,,,medium,,,medium,2023-10-10 00:00:00,2023-11-06 11:20:00,medium
25487370,Yekepa Mine,LBR,iron-mining,2022-01-01 00:00:00,2022-12-31 00:00:00,high,,,,,,,,,,,2023-10-10 00:00:00,2023-11-06 11:20:00,
25487371,Fort Dauphin Mine,MDG,iron-mining,2022-01-01 00:00:00,2022-12-31 00:00:00,high,,,,,,,,,,,2023-10-10 00:00:00,2023-11-06 11:20:00,
25487372,Aceros Mine,MEX,iron-mining,2022-01-01 00:00:00,2022-12-31 00:00:00,high,,,,,,,,,,,2023-10-10 00:00:00,2023-11-06 11:20:00,
25487373,Cerro de Mercado Mine,MEX,iron-mining,2022-01-01 00:00:00,2022-12-31 00:00:00,high,,,medium,low,,,low,,,low,2023-10-10 00:00:00,2023-11-06 11:20:00,low
25487374,El Volcan Mine,MEX,iron-mining,2022-01-01 00:00:00,2022-12-31 00:00:00,high,,,high,high,,,high,,,high,2023-10-10 00:00:00,2023-11-06 11:20:00,high
25487375,Electra Mine,MEX,iron-mining,2022-01-01 00:00:00,2022-12-31 00:00:00,high,,,,,,,,,,,2023-10-10 00:00:00,2023-11-06 11:20:00,
25487376,Las Encinas Mine,MEX,iron-mining,2022-01-01 00:00:00,2022-12-31 00:00:00,high,,,medium,low,,,low,,,low,2023-10-10 00:00:00,2023-11-06 11:20:00,low
25487377,Las Truchas Mine,MEX,iron-mining,2022-01-01 00:00:00,2022-12-31 00:00:00,high,,,high,medium,,,medium,,,medium,2023-10-10 00:00:00,2023-11-06 11:20:00,medium
25487378,Pena Colorada Mine,MEX,iron-mining,2022-01-01 00:00:00,2022-12-31 00:00:00,high,,,high,medium,,,medium,,,medium,2023-10-10 00:00:00,2023-11-06 11:20:00,medium
25487379,Prometeo Mine,MEX,iron-mining,2022-01-01 00:00:00,2022-12-31 00:00:00,high,,,medium,low,,,low,,,low,2023-10-10 00:00:00,2023-11-06 11:20:00,low
25487380,Sama Mine,MEX,iron-mining,2022-01-01 00:00:00,2022-12-31 00:00:00,high,,,,,,,,,,,2023-10-10 00:00:00,2023-11-06 11:20:00,
25487381,San Jose Mine,MEX,iron-mining,2022-01-01 00:00:00,2022-12-31 00:00:00,high,,,high,medium,,,medium,,,medium,2023-10-10 00:00:00,2023-11-06 11:20:00,medium
25487382,Teseo Mine,MEX,iron-mining,2022-01-01 00:00:00,2022-12-31 00:00:00,high,,,,,,,,,,,2023-10-10 00:00:00,2023-11-06 11:20:00,
25487383,Bayangol Mine,MNG,iron-mining,2022-01-01 00:00:00,2022-12-31 00:00:00,high,,,medium,very low,,,very low,,,very low,2023-10-10 00:00:00,2023-11-06 11:20:00,very low
25487384,Bold Tumur Mine,MNG,iron-mining,2022-01-01 00:00:00,2022-12-31 00:00:00,high,,,,,,,,,,,2023-10-10 00:00:00,2023-11-06 11:20:00,
25487385,Eruu Gol Mine,MNG,iron-mining,2022-01-01 00:00:00,2022-12-31 00:00:00,high,,,low,very low,,,very low,,,very low,2023-10-10 00:00:00,2023-11-06 11:20:00,very low
25487386,Tamir Gol Mine,MNG,iron-mining,2022-01-01 00:00:00,2022-12-31 00:00:00,high,,,high,high,,,high,,,high,2023-10-10 00:00:00,2023-11-06 11:20:00,high
25487387,Tumurtolgoi Mine,MNG,iron-mining,2022-01-01 00:00:00,2022-12-31 00:00:00,high,,,,,,,,,,,2023-10-10 00:00:00,2023-11-06 11:20:00,
25487388,Fderik Mine,MRT,iron-mining,2022-01-01 00:00:00,2022-12-31 00:00:00,high,,,,,,,,,,,2023-10-10 00:00:00,2023-11-06 11:20:00,
25487389,Guelb Moghrein Mine,MRT,iron-mining,2022-01-01 00:00:00,2022-12-31 00:00:00,high,,,high,medium,,,medium,,,medium,2023-10-10 00:00:00,2023-11-06 11:20:00,medium
25487390,Kedia d'Idjill Mine,MRT,iron-mining,2022-01-01 00:00:00,2022-12-31 00:00:00,high,,,,,,,,,,,2023-10-10 00:00:00,2023-11-06 11:20:00,
25487391,M'Haoudat Mine,MRT,iron-mining,2022-01-01 00:00:00,2022-12-31 00:00:00,high,,,,,,,,,,,2023-10-10 00:00:00,2023-11-06 11:20:00,
25487392,Bukit Besi Mine,MYS,iron-mining,2022-01-01 00:00:00,2022-12-31 00:00:00,high,,,medium,medium,,,medium,,,medium,2023-10-10 00:00:00,2023-11-06 11:20:00,medium
25487393,Bjornevatn Mine,NOR,iron-mining,2022-01-01 00:00:00,2022-12-31 00:00:00,high,,,high,high,,,high,,,high,2023-10-10 00:00:00,2023-11-06 11:20:00,high
25487394,Apurimac Mine,PER,iron-mining,2022-01-01 00:00:00,2022-12-31 00:00:00,high,,,medium,low,,,low,,,low,2023-10-10 00:00:00,2023-11-06 11:20:00,low
25487395,Marcona Mine,PER,iron-mining,2022-01-01 00:00:00,2022-12-31 00:00:00,high,,,medium,low,,,low,,,low,2023-10-10 00:00:00,2023-11-06 11:20:00,low
25487396,Agata Mine,PHL,iron-mining,2022-01-01 00:00:00,2022-12-31 00:00:00,high,,,high,low,,,low,,,low,2023-10-10 00:00:00,2023-11-06 11:20:00,low
25487397,Cagdianao Mine,PHL,iron-mining,2022-01-01 00:00:00,2022-12-31 00:00:00,high,,,medium,medium,,,medium,,,medium,2023-10-10 00:00:00,2023-11-06 11:20:00,medium
25487398,Hinatuan Mine,PHL,iron-mining,2022-01-01 00:00:00,2022-12-31 00:00:00,high,,,medium,medium,,,medium,,,medium,2023-10-10 00:00:00,2023-11-06 11:20:00,medium
25487399,Rio Tuba Mine,PHL,iron-mining,2022-01-01 00:00:00,2022-12-31 00:00:00,high,,,medium,medium,,,medium,,,medium,2023-10-10 00:00:00,2023-11-06 11:20:00,medium
25487400,Taganito Mine,PHL,iron-mining,2022-01-01 00:00:00,2022-12-31 00:00:00,high,,,medium,medium,,,medium,,,medium,2023-10-10 00:00:00,2023-11-06 11:20:00,medium
25487401,Musan Mine,PRK,iron-mining,2022-01-01 00:00:00,2022-12-31 00:00:00,high,,,,,,,,,,,2023-10-10 00:00:00,2023-11-06 11:20:00,
25487402,Oryong Mine,PRK,iron-mining,2022-01-01 00:00:00,2022-12-31 00:00:00,high,,,high,high,,,high,,,high,2023-10-10 00:00:00,2023-11-06 11:20:00,high
25487403,Unryul Mine,PRK,iron-mining,2022-01-01 00:00:00,2022-12-31 00:00:00,high,,,,,,,,,,,2023-10-10 00:00:00,2023-11-06 11:20:00,
25487404,Cabeco da Mua Mine,PRT,iron-mining,2022-01-01 00:00:00,2022-12-31 00:00:00,high,,,,,,,,,,,2023-10-10 00:00:00,2023-11-06 11:20:00,
25487405,Ghelari Mine,ROU,iron-mining,2022-01-01 00:00:00,2022-12-31 00:00:00,high,,,high,high,,,high,,,high,2023-10-10 00:00:00,2023-11-06 11:20:00,high
25487406,Iara Mine,ROU,iron-mining,2022-01-01 00:00:00,2022-12-31 00:00:00,high,,,high,high,,,high,,,high,2023-10-10 00:00:00,2023-11-06 11:20:00,high
25487407,Muncelu Mic Mine,ROU,iron-mining,2022-01-01 00:00:00,2022-12-31 00:00:00,high,,,high,high,,,high,,,high,2023-10-10 00:00:00,2023-11-06 11:20:00,high
25487408,Teliuc Mine,ROU,iron-mining,2022-01-01 00:00:00,2022-12-31 00:00:00,high,,,high,high,,,high,,,high,2023-10-10 00:00:00,2023-11-06 11:20:00,high
25487409,Abakanskoye Mine,RUS,iron-mining,2022-01-01 00:00:00,2022-12-31 00:00:00,high,,,high,high,,,high,,,high,2023-10-10 00:00:00,2023-11-06 11:20:00,high
25487410,Aldanskoye Mine,RUS,iron-mining,2022-01-01 00:00:00,2022-12-31 00:00:00,high,,,,,,,,,,,2023-10-10 00:00:00,2023-11-06 11:20:00,
25487411,Bakal Mine,RUS,iron-mining,2022-01-01 00:00:00,2022-12-31 00:00:00,high,,,,,,,,,,,2023-10-10 00:00:00,2023-11-06 11:20:00,
25487412,Gubkin Mine,RUS,iron-mining,2022-01-01 00:00:00,2022-12-31 00:00:00,high,,,,,,,,,,,2023-10-10 00:00:00,2023-11-06 11:20:00,
25487413,Guryevsky Mine,RUS,iron-mining,2022-01-01 00:00:00,2022-12-31 00:00:00,high,,,high,high,,,high,,,high,2023-10-10 00:00:00,2023-11-06 11:20:00,high
25487414,Irbinsky Mine,RUS,iron-mining,2022-01-01 00:00:00,2022-12-31 00:00:00,high,,,,,,,,,,,2023-10-10 00:00:00,2023-11-06 11:20:00,
25487415,Kachkanar-Gusevogorsk Complex,RUS,iron-mining,2022-01-01 00:00:00,2022-12-31 00:00:00,high,,,high,very low,,,very low,,,very low,2023-10-10 00:00:00,2023-11-06 11:20:00,very low
25487416,Karelsky Okatysh Mine,RUS,iron-mining,2022-01-01 00:00:00,2022-12-31 00:00:00,high,,,high,very low,,,very low,,,very low,2023-10-10 00:00:00,2023-11-06 11:20:00,very low
25487417,Kazskaya Mine,RUS,iron-mining,2022-01-01 00:00:00,2022-12-31 00:00:00,high,,,,,,,,,,,2023-10-10 00:00:00,2023-11-06 11:20:00,
25487418,Kimkan-Sutara Mine,RUS,iron-mining,2022-01-01 00:00:00,2022-12-31 00:00:00,high,,,,,,,,,,,2023-10-10 00:00:00,2023-11-06 11:20:00,
25487419,Korshunov Mine,RUS,iron-mining,2022-01-01 00:00:00,2022-12-31 00:00:00,high,,,,,,,,,,,2023-10-10 00:00:00,2023-11-06 11:20:00,
25487420,Kostomuksha Mine,RUS,iron-mining,2022-01-01 00:00:00,2022-12-31 00:00:00,high,,,,,,,,,,,2023-10-10 00:00:00,2023-11-06 11:20:00,
25487421,Kuranakh Mine,RUS,iron-mining,2022-01-01 00:00:00,2022-12-31 00:00:00,high,,,,,,,,,,,2023-10-10 00:00:00,2023-11-06 11:20:00,
25487422,Lebedinsky Mine,RUS,iron-mining,2022-01-01 00:00:00,2022-12-31 00:00:00,high,,,high,very low,,,very low,,,very low,2023-10-10 00:00:00,2023-11-06 11:20:00,very low
25487423,Lebyazhinskoye Mine,RUS,iron-mining,2022-01-01 00:00:00,2022-12-31 00:00:00,high,,,,,,,,,,,2023-10-10 00:00:00,2023-11-06 11:20:00,
25487424,Magnitogorsk Mine,RUS,iron-mining,2022-01-01 00:00:00,2022-12-31 00:00:00,high,,,,,,,,,,,2023-10-10 00:00:00,2023-11-06 11:20:00,
25487425,Malyi Kuibas Mine,RUS,iron-mining,2022-01-01 00:00:00,2022-12-31 00:00:00,high,,,,,,,,,,,2023-10-10 00:00:00,2023-11-06 11:20:00,
25487426,Mikhailovsky Mine,RUS,iron-mining,2022-01-01 00:00:00,2022-12-31 00:00:00,high,,,medium,very low,,,very low,,,very low,2023-10-10 00:00:00,2023-11-06 11:20:00,very low
25487427,Olcon Mine,RUS,iron-mining,2022-01-01 00:00:00,2022-12-31 00:00:00,high,,,,,,,,,,,2023-10-10 00:00:00,2023-11-06 11:20:00,
25487428,Sakharinsky Mine,RUS,iron-mining,2022-01-01 00:00:00,2022-12-31 00:00:00,high,,,high,high,,,high,,,high,2023-10-10 00:00:00,2023-11-06 11:20:00,high
25487429,Sheregesh Mine,RUS,iron-mining,2022-01-01 00:00:00,2022-12-31 00:00:00,high,,,,,,,,,,,2023-10-10 00:00:00,2023-11-06 11:20:00,
25487430,Stoilensky Mine,RUS,iron-mining,2022-01-01 00:00:00,2022-12-31 00:00:00,high,,,high,very low,,,very low,,,very low,2023-10-10 00:00:00,2023-11-06 11:20:00,very low
25487431,Tashtagol Mine,RUS,iron-mining,2022-01-01 00:00:00,2022-12-31 00:00:00,high,,,,,,,,,,,2023-10-10 00:00:00,2023-11-06 11:20:00,
25487432,Tayezhnoye Mine,RUS,iron-mining,2022-01-01 00:00:00,2022-12-31 00:00:00,high,,,,,,,,,,,2023-10-10 00:00:00,2023-11-06 11:20:00,
25487433,Teisky Mine,RUS,iron-mining,2022-01-01 00:00:00,2022-12-31 00:00:00,high,,,high,high,,,high,,,high,2023-10-10 00:00:00,2023-11-06 11:20:00,high
25487434,Temirtau Mine,RUS,iron-mining,2022-01-01 00:00:00,2022-12-31 00:00:00,high,,,high,high,,,high,,,high,2023-10-10 00:00:00,2023-11-06 11:20:00,high
25487435,Vysokogorsky Mine,RUS,iron-mining,2022-01-01 00:00:00,2022-12-31 00:00:00,high,,,,,,,,,,,2023-10-10 00:00:00,2023-11-06 11:20:00,
25487436,Yakovlevsky Mine,RUS,iron-mining,2022-01-01 00:00:00,2022-12-31 00:00:00,high,,,,,,,,,,,2023-10-10 00:00:00,2023-11-06 11:20:00,
25487437,Yestyuninsky Mine,RUS,iron-mining,2022-01-01 00:00:00,2022-12-31 00:00:00,high,,,,,,,,,,,2023-10-10 00:00:00,2023-11-06 11:20:00,
25487438,Zheleznyi Mine,RUS,iron-mining,2022-01-01 00:00:00,2022-12-31 00:00:00,high,,,,,,,,,,,2023-10-10 00:00:00,2023-11-06 11:20:00,
25487439,Fodikwan Mine,SDN,iron-mining,2022-01-01 00:00:00,2022-12-31 00:00:00,high,,,high,high,,,high,,,high,2023-10-10 00:00:00,2023-11-06 11:20:00,high
25487440,Marampa Mine,SLE,iron-mining,2022-01-01 00:00:00,2022-12-31 00:00:00,high,,,,,,,,,,,2023-10-10 00:00:00,2023-11-06 11:20:00,
25487441,Tonkolili Mine,SLE,iron-mining,2022-01-01 00:00:00,2022-12-31 00:00:00,high,,,,,,,,,,,2023-10-10 00:00:00,2023-11-06 11:20:00,
25487442,Dannemora Mine,SWE,iron-mining,2022-01-01 00:00:00,2022-12-31 00:00:00,high,,,high,high,,,high,,,high,2023-10-10 00:00:00,2023-11-06 11:20:00,high
25487443,Kaunisvaara Mine,SWE,iron-mining,2022-01-01 00:00:00,2022-12-31 00:00:00,high,,,,,,,,,,,2023-10-10 00:00:00,2023-11-06 11:20:00,
25487444,Kiruna Mine,SWE,iron-mining,2022-01-01 00:00:00,2022-12-31 00:00:00,high,,,high,medium,,,medium,,,medium,2023-10-10 00:00:00,2023-11-06 11:20:00,medium
25487445,Malmberget Mine,SWE,iron-mining,2022-01-01 00:00:00,2022-12-31 00:00:00,high,,,high,medium,,,medium,,,medium,2023-10-10 00:00:00,2023-11-06 11:20:00,medium
25487446,Mertainen Mine,SWE,iron-mining,2022-01-01 00:00:00,2022-12-31 00:00:00,high,,,high,high,,,high,,,high,2023-10-10 00:00:00,2023-11-06 11:20:00,high
25487447,Pajala Mine,SWE,iron-mining,2022-01-01 00:00:00,2022-12-31 00:00:00,high,,,,,,,,,,,2023-10-10 00:00:00,2023-11-06 11:20:00,
25487448,Svappavaara Mine,SWE,iron-mining,2022-01-01 00:00:00,2022-12-31 00:00:00,high,,,high,medium,,,medium,,,medium,2023-10-10 00:00:00,2023-11-06 11:20:00,medium
25487449,Ngwenya Mine,SWZ,iron-mining,2022-01-01 00:00:00,2022-12-31 00:00:00,high,,,high,high,,,high,,,high,2023-10-10 00:00:00,2023-11-06 11:20:00,high
25487450,Boukchiba Mine,TUN,iron-mining,2022-01-01 00:00:00,2022-12-31 00:00:00,high,,,high,high,,,high,,,high,2023-10-10 00:00:00,2023-11-06 11:20:00,high
25487451,Djerissa Mine,TUN,iron-mining,2022-01-01 00:00:00,2022-12-31 00:00:00,high,,,,,,,,,,,2023-10-10 00:00:00,2023-11-06 11:20:00,
25487452,Douahria Mine,TUN,iron-mining,2022-01-01 00:00:00,2022-12-31 00:00:00,high,,,,,,,,,,,2023-10-10 00:00:00,2023-11-06 11:20:00,
25487453,Hamima Mine,TUN,iron-mining,2022-01-01 00:00:00,2022-12-31 00:00:00,high,,,,,,,,,,,2023-10-10 00:00:00,2023-11-06 11:20:00,
25487454,Maktaa El Haddid Mine,TUN,iron-mining,2022-01-01 00:00:00,2022-12-31 00:00:00,high,,,high,high,,,high,,,high,2023-10-10 00:00:00,2023-11-06 11:20:00,high
25487455,Tamera Mine,TUN,iron-mining,2022-01-01 00:00:00,2022-12-31 00:00:00,high,,,,,,,,,,,2023-10-10 00:00:00,2023-11-06 11:20:00,
25487456,Attepe Mine,TUR,iron-mining,2022-01-01 00:00:00,2022-12-31 00:00:00,high,,,,,,,,,,,2023-10-10 00:00:00,2023-11-06 11:20:00,
25487457,Avnik Mine,TUR,iron-mining,2022-01-01 00:00:00,2022-12-31 00:00:00,high,,,,,,,,,,,2023-10-10 00:00:00,2023-11-06 11:20:00,
25487458,Bakirtepe Mine,TUR,iron-mining,2022-01-01 00:00:00,2022-12-31 00:00:00,high,,,,,,,,,,,2023-10-10 00:00:00,2023-11-06 11:20:00,
25487459,Cetinkaya Mine,TUR,iron-mining,2022-01-01 00:00:00,2022-12-31 00:00:00,high,,,low,very low,,,very low,,,very low,2023-10-10 00:00:00,2023-11-06 11:20:00,very low
25487460,Dedeman Mine,TUR,iron-mining,2022-01-01 00:00:00,2022-12-31 00:00:00,high,,,,,,,,,,,2023-10-10 00:00:00,2023-11-06 11:20:00,
25487461,Divrigi A Mine,TUR,iron-mining,2022-01-01 00:00:00,2022-12-31 00:00:00,high,,,,,,,,,,,2023-10-10 00:00:00,2023-11-06 11:20:00,
25487462,Divrigi B Mine,TUR,iron-mining,2022-01-01 00:00:00,2022-12-31 00:00:00,high,,,,,,,,,,,2023-10-10 00:00:00,2023-11-06 11:20:00,
25487463,Dumluca Mine,TUR,iron-mining,2022-01-01 00:00:00,2022-12-31 00:00:00,high,,,,,,,,,,,2023-10-10 00:00:00,2023-11-06 11:20:00,
25487464,Elkondu Mine,TUR,iron-mining,2022-01-01 00:00:00,2022-12-31 00:00:00,high,,,low,very low,,,very low,,,very low,2023-10-10 00:00:00,2023-11-06 11:20:00,very low
25487465,Gzaydn Mine,TUR,iron-mining,2022-01-01 00:00:00,2022-12-31 00:00:00,high,,,,,,,,,,,2023-10-10 00:00:00,2023-11-06 11:20:00,
25487466,Hasancelebi Mine,TUR,iron-mining,2022-01-01 00:00:00,2022-12-31 00:00:00,high,,,,,,,,,,,2023-10-10 00:00:00,2023-11-06 11:20:00,
25487467,Havadan Yoresi Mine,TUR,iron-mining,2022-01-01 00:00:00,2022-12-31 00:00:00,high,,,,,,,,,,,2023-10-10 00:00:00,2023-11-06 11:20:00,
25487468,Kesikkopru Mine,TUR,iron-mining,2022-01-01 00:00:00,2022-12-31 00:00:00,high,,,,,,,,,,,2023-10-10 00:00:00,2023-11-06 11:20:00,
25487469,Kucuk Egmir Mine,TUR,iron-mining,2022-01-01 00:00:00,2022-12-31 00:00:00,high,,,,,,,,,,,2023-10-10 00:00:00,2023-11-06 11:20:00,
25487470,Oreks Mine,TUR,iron-mining,2022-01-01 00:00:00,2022-12-31 00:00:00,high,,,,,,,,,,,2023-10-10 00:00:00,2023-11-06 11:20:00,
25487471,Otlukilise Mine,TUR,iron-mining,2022-01-01 00:00:00,2022-12-31 00:00:00,high,,,,,,,,,,,2023-10-10 00:00:00,2023-11-06 11:20:00,
25487472,Ozkoyuncu Mine,TUR,iron-mining,2022-01-01 00:00:00,2022-12-31 00:00:00,high,,,,,,,,,,,2023-10-10 00:00:00,2023-11-06 11:20:00,
25487473,Postalli Mine,TUR,iron-mining,2022-01-01 00:00:00,2022-12-31 00:00:00,high,,,,,,,,,,,2023-10-10 00:00:00,2023-11-06 11:20:00,
25487474,Purunsur Mine,TUR,iron-mining,2022-01-01 00:00:00,2022-12-31 00:00:00,high,,,,,,,,,,,2023-10-10 00:00:00,2023-11-06 11:20:00,
25487475,Samli Mine,TUR,iron-mining,2022-01-01 00:00:00,2022-12-31 00:00:00,high,,,medium,very low,,,very low,,,very low,2023-10-10 00:00:00,2023-11-06 11:20:00,very low
25487476,Turnali Mine,TUR,iron-mining,2022-01-01 00:00:00,2022-12-31 00:00:00,high,,,,,,,,,,,2023-10-10 00:00:00,2023-11-06 11:20:00,
25487477,Uzunpinar Mine,TUR,iron-mining,2022-01-01 00:00:00,2022-12-31 00:00:00,high,,,,,,,,,,,2023-10-10 00:00:00,2023-11-06 11:20:00,
25487478,Annovskoye/Pervomayskoye Mine,UKR,iron-mining,2022-01-01 00:00:00,2022-12-31 00:00:00,high,,,,,,,,,,,2023-10-10 00:00:00,2023-11-06 11:20:00,
25487479,Belanovskoye Mine,UKR,iron-mining,2022-01-01 00:00:00,2022-12-31 00:00:00,high,,,,,,,,,,,2023-10-10 00:00:00,2023-11-06 11:20:00,
25487480,Frunze Mine,UKR,iron-mining,2022-01-01 00:00:00,2022-12-31 00:00:00,high,,,,,,,,,,,2023-10-10 00:00:00,2023-11-06 11:20:00,
25487481,Ingulets Mine,UKR,iron-mining,2022-01-01 00:00:00,2022-12-31 00:00:00,high,,,,,,,,,,,2023-10-10 00:00:00,2023-11-06 11:20:00,
25487482,Kryviy Rih Mine,UKR,iron-mining,2022-01-01 00:00:00,2022-12-31 00:00:00,high,,,high,very low,,,very low,,,very low,2023-10-10 00:00:00,2023-11-06 11:20:00,very low
25487483,Kryvorizka Mine,UKR,iron-mining,2022-01-01 00:00:00,2022-12-31 00:00:00,high,,,,,,,,,,,2023-10-10 00:00:00,2023-11-06 11:20:00,
25487484,Pokrovska Mine,UKR,iron-mining,2022-01-01 00:00:00,2022-12-31 00:00:00,high,,,,,,,,,,,2023-10-10 00:00:00,2023-11-06 11:20:00,
25487485,Poltava Mine,UKR,iron-mining,2022-01-01 00:00:00,2022-12-31 00:00:00,high,,,,,,,,,,,2023-10-10 00:00:00,2023-11-06 11:20:00,
25487486,Ternovskaya Mine,UKR,iron-mining,2022-01-01 00:00:00,2022-12-31 00:00:00,high,,,,,,,,,,,2023-10-10 00:00:00,2023-11-06 11:20:00,
25487487,Yeristovskoye Mine,UKR,iron-mining,2022-01-01 00:00:00,2022-12-31 00:00:00,high,,,,,,,,,,,2023-10-10 00:00:00,2023-11-06 11:20:00,
25487488,Yuvileyna Mine,UKR,iron-mining,2022-01-01 00:00:00,2022-12-31 00:00:00,high,,,,,,,,,,,2023-10-10 00:00:00,2023-11-06 11:20:00,
25487489,Columbia Steel Mine,USA,iron-mining,2022-01-01 00:00:00,2022-12-31 00:00:00,high,,,high,high,,,high,,,high,2023-10-10 00:00:00,2023-11-06 11:20:00,high
25487490,Comstock Mine,USA,iron-mining,2022-01-01 00:00:00,2022-12-31 00:00:00,high,,,high,high,,,high,,,high,2023-10-10 00:00:00,2023-11-06 11:20:00,high
25487491,Drake Mine,USA,iron-mining,2022-01-01 00:00:00,2022-12-31 00:00:00,high,,,,,,,,,,,2023-10-10 00:00:00,2023-11-06 11:20:00,
25487492,Empire Mine,USA,iron-mining,2022-01-01 00:00:00,2022-12-31 00:00:00,high,,,high,high,,,high,,,high,2023-10-10 00:00:00,2023-11-06 11:20:00,high
25487493,Granite Mountain Mine,USA,iron-mining,2022-01-01 00:00:00,2022-12-31 00:00:00,high,,,high,high,,,high,,,high,2023-10-10 00:00:00,2023-11-06 11:20:00,high
25487494,Hibbing Taconite Mine,USA,iron-mining,2022-01-01 00:00:00,2022-12-31 00:00:00,high,,,medium,medium,,,medium,,,medium,2023-10-10 00:00:00,2023-11-06 11:20:00,medium
25487495,Hull-Rust-Mahoning Mine,USA,iron-mining,2022-01-01 00:00:00,2022-12-31 00:00:00,high,,,,,,,,,,,2023-10-10 00:00:00,2023-11-06 11:20:00,
25487496,Keetac Mine,USA,iron-mining,2022-01-01 00:00:00,2022-12-31 00:00:00,high,,,medium,low,,,low,,,low,2023-10-10 00:00:00,2023-11-06 11:20:00,low
25487497,Lindsay Hill Mine,USA,iron-mining,2022-01-01 00:00:00,2022-12-31 00:00:00,high,,,high,high,,,high,,,high,2023-10-10 00:00:00,2023-11-06 11:20:00,high
25487498,Minntac Mine,USA,iron-mining,2022-01-01 00:00:00,2022-12-31 00:00:00,high,,,medium,low,,,low,,,low,2023-10-10 00:00:00,2023-11-06 11:20:00,low
25487499,Minorca Mine,USA,iron-mining,2022-01-01 00:00:00,2022-12-31 00:00:00,high,,,medium,medium,,,medium,,,medium,2023-10-10 00:00:00,2023-11-06 11:20:00,medium
25487500,Northshore Mine,USA,iron-mining,2022-01-01 00:00:00,2022-12-31 00:00:00,high,,,high,low,,,low,,,low,2023-10-10 00:00:00,2023-11-06 11:20:00,low
25487501,Pioche Mine,USA,iron-mining,2022-01-01 00:00:00,2022-12-31 00:00:00,high,,,high,high,,,high,,,high,2023-10-10 00:00:00,2023-11-06 11:20:00,high
25487502,Tilden Mine,USA,iron-mining,2022-01-01 00:00:00,2022-12-31 00:00:00,high,,,medium,low,,,low,,,low,2023-10-10 00:00:00,2023-11-06 11:20:00,low
25487503,United Taconite Mine,USA,iron-mining,2022-01-01 00:00:00,2022-12-31 00:00:00,high,,,medium,low,,,low,,,low,2023-10-10 00:00:00,2023-11-06 11:20:00,low
25487504,Quy Xa Mine,VNM,iron-mining,2022-01-01 00:00:00,2022-12-31 00:00:00,high,,,,,,,,,,,2023-10-10 00:00:00,2023-11-06 11:20:00,
25487505,Thach Ke Mine,VNM,iron-mining,2022-01-01 00:00:00,2022-12-31 00:00:00,high,,,high,high,,,high,,,high,2023-10-10 00:00:00,2023-11-06 11:20:00,high
25487506,Beeshoek Mine,ZAF,iron-mining,2022-01-01 00:00:00,2022-12-31 00:00:00,high,,,high,medium,,,medium,,,medium,2023-10-10 00:00:00,2023-11-06 11:20:00,medium
25487507,Fairbreeze Mine,ZAF,iron-mining,2022-01-01 00:00:00,2022-12-31 00:00:00,high,,,low,low,,,low,,,low,2023-10-10 00:00:00,2023-11-06 11:20:00,low
25487508,Khumani Mine,ZAF,iron-mining,2022-01-01 00:00:00,2022-12-31 00:00:00,high,,,high,medium,,,medium,,,medium,2023-10-10 00:00:00,2023-11-06 11:20:00,medium
25487509,Kolomela Mine,ZAF,iron-mining,2022-01-01 00:00:00,2022-12-31 00:00:00,high,,,high,medium,,,medium,,,medium,2023-10-10 00:00:00,2023-11-06 11:20:00,medium
25487510,Mapochs Mine,ZAF,iron-mining,2022-01-01 00:00:00,2022-12-31 00:00:00,high,,,high,high,,,high,,,high,2023-10-10 00:00:00,2023-11-06 11:20:00,high
25487511,Namakwa Mine,ZAF,iron-mining,2022-01-01 00:00:00,2022-12-31 00:00:00,high,,,low,low,,,low,,,low,2023-10-10 00:00:00,2023-11-06 11:20:00,low
25487512,Palabora Mine,ZAF,iron-mining,2022-01-01 00:00:00,2022-12-31 00:00:00,high,,,medium,low,,,low,,,low,2023-10-10 00:00:00,2023-11-06 11:20:00,low
25487513,Rhovan Mine,ZAF,iron-mining,2022-01-01 00:00:00,2022-12-31 00:00:00,high,,,,,,,,,,,2023-10-10 00:00:00,2023-11-06 11:20:00,
25487514,Richards Bay Mine,ZAF,iron-mining,2022-01-01 00:00:00,2022-12-31 00:00:00,high,,,low,low,,,low,,,low,2023-10-10 00:00:00,2023-11-06 11:20:00,low
25487515,Sishen Mine,ZAF,iron-mining,2022-01-01 00:00:00,2022-12-31 00:00:00,high,,,high,medium,,,medium,,,medium,2023-10-10 00:00:00,2023-11-06 11:20:00,medium
25487516,Thabazimbi Mine,ZAF,iron-mining,2022-01-01 00:00:00,2022-12-31 00:00:00,high,,,high,medium,,,medium,,,medium,2023-10-10 00:00:00,2023-11-06 11:20:00,medium
25487517,Tshipi Borwa Mine,ZAF,iron-mining,2022-01-01 00:00:00,2022-12-31 00:00:00,high,,,high,low,,,low,,,low,2023-10-10 00:00:00,2023-11-06 11:20:00,low
25487518,Vametco Mine,ZAF,iron-mining,2022-01-01 00:00:00,2022-12-31 00:00:00,high,,,,,,,,,,,2023-10-10 00:00:00,2023-11-06 11:20:00,
25487519,Buchwa Mine,ZWE,iron-mining,2022-01-01 00:00:00,2022-12-31 00:00:00,high,,,high,high,,,high,,,high,2023-10-10 00:00:00,2023-11-06 11:20:00,high
